Datum/Uhrzeit,Abrechnungsnummer,Typ,Bestellnummer,SKU,Beschreibung,Menge,Marketplace,Versand,Ort der Bestellung,Bundesland,Postleitzahl,Steuererhebungsmodell,Umsätze,Produktumsatzsteuer,Gutschrift für Versandkosten,Steuer auf Versandgutschrift,Gutschrift für Geschenkverpackung,Steuer auf Geschenkverpackungsgutschriften,Rabatte aus Werbeaktionen,Steuer auf Aktionsrabatte,Einbehaltene Steuer auf Marketplace,Verkaufsgebühren,Gebühren zu Versand durch Amazon,Andere Transaktionsgebühren,Andere,Gesamt
05.01.2022 23:02:42 UTC,16869869152,Bestellung,306-7675655-4797107,P-EU_Silicon_ClipOn_Tray,ARSUK Vorratsbehälter 9 Stück x 75ml zum Einfrieren von Babybrei mit Silikondeckel. BPA-Frei,1,amazon.de,Amazon,Berlin,,10785,MarketplaceFacilitator,7.35,1.4,0,0,0,0,0,0,-1.4,-0.7,-2.95,0,0,3.7
05.01.2022 23:12:10 UTC,16869869152,Bestellung,S02-6958367-1242350,FBA_6xppBabyContainerARS-78805Medium8pcs,ARSUK Aufbewahrungsbehälter für Babynahrung Gefrierfest Mikrowellengeeignet Luftdicht Kleines Container Set. 8 Stück. 250ml BPA-Frei,1,si-prod-marketplace-de.stores.amazon.de,Amazon,Großenaspe,Schleswig-Holstein,24623,,0,0,0,0,0,0,0,0,0,0,-4.2,0,0,-4.2
05.01.2022 23:25:48 UTC,16869869152,Bestellung,028-4722239-9154768,DR-1AOM-SG5K,ARSUK Kiesel. Granulate. Glassteine. Kieselsteine. Wasserperlen. Glasnuggets. bunt Deko Mosaiksteine. Gerundete Dekorsteine für Vasen und Dekoration,2,amazon.de,Amazon,Garbsen,Niedersachsen,30827,MarketplaceFacilitator,17.94,3.4,0,0,0,0,0,0,-3.4,-3.2,-7.98,0,0,6.76
05.01.2022 23:27:10 UTC,16869869152,Bestellung,303-3141116-8859544,FBA_4PP_10pc_Glow_inthedark_Marbles,ARSUK 10pcs Large Handmade Flowerish Style Glow in The Dark Punktierte Glasmurmeln. Schutz vor Beschädigungen. Sportspielzeug & Outdoor (10 Stück im,1,amazon.de,Amazon,Müden,,38539,MarketplaceFacilitator,11.84,2.25,0.83,0.16,0,0,-1.66,-0.31,-4.2,-3.94,-2.52,0,0,2.45
05.01.2022 23:27:10 UTC,16869869152,Bestellung,303-3141116-8859544,FBA_4PP_10pc_Glow_inthedark_Marbles,ARSUK 10pcs Large Handmade Flowerish Style Glow in The Dark Punktierte Glasmurmeln. Schutz vor Beschädigungen. Sportspielzeug & Outdoor (10 Stück im,1,amazon.de,Amazon,Müden,,38539,,11.84,2.25,0.84,0.16,0,0,-1.68,-0.31,0,0,-2.52,0,0,10.58
05.01.2022 23:28:28 UTC,16869869152,Bestellung,304-1333559-6178738,FBA_Dxpp_100psc_ColourMarbles,ARSUK Glasmurmeln. Spielzeug. Deko Kugeln Durchsichtig Klare Glasmurmeln. Dekoration Glaskügelchen bunt,1,amazon.de,Amazon,Wetter (hessen),Hessen,35083,MarketplaceFacilitator,7.76,1.47,0,0,0,0,0,0,-1.47,-1.38,-2.52,0,0,3.86
05.01.2022 23:31:36 UTC,16869869152,Bestellung,306-1132365-4486721,FBA_4PP_10pc_Glow_inthedark_Marbles,ARSUK 10pcs Large Handmade Flowerish Style Glow in The Dark Punktierte Glasmurmeln. Schutz vor Beschädigungen. Sportspielzeug & Outdoor (10 Stück im,1,amazon.de,Amazon,Swisttal,,53913,MarketplaceFacilitator,11.84,2.25,0,0,0,0,-0.24,-0.04,-2.21,-2.07,-2.52,0,0,7.01
06.01.2022 00:27:33 UTC,16869869152,Bestellung,304-1445510-6303504,FBA_ARS_Code:31666_Can_Snuffer_Set,ARSUK Candle Snuffer Set Feuerlöscher aus massivem Messing Nickel Holz Kerzenabdeckung Werkzeug zum sicheren Löschen (Messing_Snuffer_Set_3 STK),1,amazon.de,Amazon,Wien,,1010,MarketplaceFacilitator,12.76,2.55,1.11,0.22,0,0,-1.11,-0.22,-2.55,-2.3,-2.52,0,0,7.94
06.01.2022 00:30:09 UTC,16869869152,Anpassung,303-2493444-0397143,FBA_27W_Replacement_Bulb_Expp,Versand durch Amazon Erstattung für Lagerbestand - Kundenrücksendung,1,,,,,,,0,0,0,0,0,0,0,0,0,0,0,0,8.38,8.38
06.01.2022 00:52:46 UTC,16869869152,Bestellung,028-6115825-4641918,FBA-5x7p_ARS04-TP Clear-2xPacks,ARSUK Kiesel. Granulate. Glassteine. Kieselsteine. Wasserperlen. Glasnuggets. bunt Deko Mosaiksteine. Gerundete Dekorsteine für Vasen und Dekoration,1,amazon.de,Amazon,Rhede Ems,,26899,MarketplaceFacilitator,8.56,1.63,0,0,0,0,0,0,-1.63,-1.53,-3.99,0,0,3.04
06.01.2022 00:56:51 UTC,16869869152,Bestellung,028-3970374-2367550,P-EU_Silicon_ClipOn_Tray,ARSUK Vorratsbehälter 9 Stück x 75ml zum Einfrieren von Babybrei mit Silikondeckel. BPA-Frei,1,amazon.de,Amazon,Zöllnitz,Thüringen,7751,MarketplaceFacilitator,7.55,1.44,0,0,0,0,0,0,-1.44,-0.72,-2.95,0,0,3.88
06.01.2022 00:57:31 UTC,16869869152,Bestellung,302-1777589-7367565,FBA_Red_Apple_Peeler_New,ARSUK Apfelschäler Kartoffel Obstschneider. Apfelentkerner. Schälmaschine Kartoffelschäler und Spiralisierer. Gemüseschäler für die Küche. Einf,1,amazon.de,Amazon,Gütersloh,,33330,MarketplaceFacilitator,10.92,2.07,0,0,0,0,0,0,-2.07,-1.95,-3.38,0,0,5.59
06.01.2022 01:10:53 UTC,16869869152,Bestellung,028-6809730-8944342,FBA-6xpp_Code:ARS04Y-200pcs-Yellow,ARSUK dekorative Glaskiesel. Steine. abgerundete Perlen. Edelsteine für Aquarienvasen Aquarium Blumengarten (200 gelbe Kieselsteine),1,amazon.de,Amazon,Berlin,,12045,MarketplaceFacilitator,9.24,1.76,0,0,0,0,0,0,-1.76,-1.65,-3.99,0,0,3.6
06.01.2022 01:10:53 UTC,16869869152,Bestellung,028-6809730-8944342,FBA-6xpp_Code:ARS04R-200pcs-Red,ARSUK dekorative Glaskiesel. Steine. abgerundete Perlen. Edelsteine für Aquarienvasen Aquarium Blumengarten (200 rote Kieselsteine),1,amazon.de,Amazon,Berlin,,12045,MarketplaceFacilitator,7.56,1.44,0,0,0,0,0,0,-1.44,-1.35,-3.99,0,0,2.22
06.01.2022 01:29:19 UTC,16869869152,Bestellung,028-0150417-6772324,Fba_Arsuk_Replacement_6xpp,ARSUK Leuchtmittel Leuchtstoffröhre 27W Ersatz für Tischleuchte. in der Nähe von Tageslicht High Vision Desktop Light 4-polig (Leuchtstoffröhre 27,1,amazon.de,Amazon,Remagen,Rheinland-Pfalz,53424,,10.17,1.93,0,0,0,0,0,0,0,-1.82,-2.52,0,0,7.76
06.01.2022 01:32:52 UTC,16869869152,Bestellung,306-5956593-0988344,FBA_ARS-DL20WHT_Desk_Lamp,ARSUK LED-Schreibtischlampe mit kabellosem Ladegerät. berührungsempfindlicher Augenpflege. 3-stufiger Helligkeit. 4-Farben-Tageslichtlampe für das,1,amazon.de,Amazon,monheim am rhein,,40789,MarketplaceFacilitator,17.64,3.35,0,0,0,0,0,0,-3.35,-3.15,-3.99,0,0,10.5
06.01.2022 01:49:54 UTC,16869869152,Bestellung,304-0923201-0121905,Fba_Arsuk_Replacement_6xpp,ARSUK Leuchtmittel Leuchtstoffröhre 27W Ersatz für Tischleuchte. in der Nähe von Tageslicht High Vision Desktop Light 4-polig (Leuchtstoffröhre 27,1,amazon.de,Amazon,Herne,,44623,MarketplaceFacilitator,10.24,1.95,0,0,0,0,0,0,-1.95,-1.83,-2.52,0,0,5.89
06.01.2022 02:02:48 UTC,16869869152,Bestellung,302-7280277-7892361,A_FBA_16gm_Capsule_10_Pack,ARSUK 16g CO2 Patronen Gewinde Gas Kapsel Schnell Luft Nachfüllung Zum Fahrrad Auto Fahrzeuge Schrader Aufblasgerät Fahrrad Reifen Pumpe Fett Straß,1,amazon.de,Amazon,Rhens,,56321,MarketplaceFacilitator,13.28,2.52,0,0,0,0,0,0,-2.52,-1.26,-2.62,0,0,9.4
06.01.2022 02:13:45 UTC,16869869152,Bestellung,302-6660002-0705901,FBA_Boot-Scraper:18039-BLK,ARSUK Welly Schuhabstreifer. Stiefelknecht. Schuhbürsten. Motiv Schuhzubehör & Pflege Gusseisen Wellington Schuhablage. Hergestellt Aus Metall Schuh,1,amazon.de,Amazon,Straelen,,47638,MarketplaceFacilitator,32.76,6.23,0,0,0,0,0,0,-6.23,-5.85,-4.77,0,0,22.14
06.01.2022 02:15:40 UTC,16869869152,Bestellung,028-5065622-7579535,FBA-5x7p_ARS04-TP Clear-2xPacks,ARSUK Kiesel. Granulate. Glassteine. Kieselsteine. Wasserperlen. Glasnuggets. bunt Deko Mosaiksteine. Gerundete Dekorsteine für Vasen und Dekoration,1,amazon.de,Amazon,Mönchengladbach,,41065,MarketplaceFacilitator,8.56,1.63,0,0,0,0,0,0,-1.63,-1.53,-3.99,0,0,3.04
06.01.2022 02:26:23 UTC,16869869152,Bestellung,028-9810323-7601962,7xPP_Coloured_Marbel_200pc,ARSUK Cat's Eye Farbiger Glasmarmor läuft. kommt in Einer Tasche. Schutz vor Beschädigung. Sportspielzeug & Outdoor-Spiele (200 Stück Farbe Marmor),1,amazon.de,Amazon,Dornbirn,,6850,MarketplaceFacilitator,11.15,2.23,0,0,0,0,0,0,-2.23,-2.01,-3.99,0,0,5.15
06.01.2022 02:37:18 UTC,16869869152,Bestellung,306-1474225-4149963,FBA_27W_Replacement_Bulb_Expp,ARSUK Leuchtstoffröhre 27 W. Ersatz für natürliches Tageslicht / Sonneneinstrahlung. FML-Lampe. ideal für BB-DL210 [Energieklasse A+++] (27W Ersat,1,amazon.de,Amazon,Wohratal,Hessen,35288,MarketplaceFacilitator,12.6,2.39,0,0,0,0,0,0,-2.39,-2.25,-2.66,0,0,7.69
06.01.2022 03:17:53 UTC,16869869152,Bestellung,302-9940812-5261105,EU_neck&Desk_MAGNIFIER-MG11B-1,ARSUK Vergrößerungsglas. Leselupen. LED Licht Beleuchtete Lupe Lesehilfen & Vergrößerung (Hals und Schreibtischlupe),1,amazon.de,Amazon,Rhede (Ems),Niedersachsen,26899,MarketplaceFacilitator,11.34,2.15,3.35,0.64,0,0,0,0,-2.79,-2.02,-5.25,0,0,7.42
06.01.2022 05:03:51 UTC,16869869152,Bestellung,028-0423737-1265934,FBA_Purple_SprayingMop_600ml_A2xpp,ARSUK Sprühen Mopp Wasser Sprühen Bodenreiniger Fliesen Marmor Küche 600 ml Micro Fibre,1,amazon.de,Amazon,Bad Dürrheim,Baden-Württemberg,78073,MarketplaceFacilitator,15.96,3.03,0,0,0,0,0,0,-3.03,-2.85,-3.99,0,0,9.12
06.01.2022 05:03:54 UTC,16869869152,Bestellung,306-6128862-3013131,EU_Axpp_mixed_Marbles_packof40,ARSUK Katzenauge farbigen Glasmarmor läuft kommt in Einer Tasche für Spielzeug Kinder Party Geschenk Spielen Ring Loch von der Wand Spiele,1,amazon.de,Amazon,Markkleeberg,Sachsen,4416,MarketplaceFacilitator,5.71,1.08,0,0,0,0,0,0,-1.08,-1.02,-2.16,0,0,2.53
06.01.2022 06:29:52 UTC,16869869152,Bestellung,302-3084685-0419505,Boot-Scraper-2brush-code:18039-BLK,ARSUK Welly Schuhabstreifer. Stiefelknecht. Schuhbürsten. Schuhzubehör & Pflege Gusseisen Stiefel Gestell Halter und Praktisch Stiefel Stand,1,amazon.de,Amazon,Waldbronn,,76337,MarketplaceFacilitator,31.92,6.07,1.68,0.32,0,0,-1.68,-0.32,-6.07,-5.7,-4.77,0,0,21.45
06.01.2022 06:31:20 UTC,16869869152,Versand durch Amazon Lagergebühr,21111416V7,,Versand durch Amazon Gebühr für Rücksendung,,Amazon.de,,,,,,0,0,0,0,0,0,0,0,0,0,0,0,-3.3,-3.3
06.01.2022 06:31:23 UTC,16869869152,Versand durch Amazon Lagergebühr,21111416V7,,Versand durch Amazon Gebühr für Rücksendung,,Amazon.de,,,,,,0,0,0,0,0,0,0,0,0,0,0,0,-1.65,-1.65
06.01.2022 06:31:32 UTC,16869869152,Versand durch Amazon Lagergebühr,21111416V7,,Versand durch Amazon Gebühr für Rücksendung,,Amazon.de,,,,,,0,0,0,0,0,0,0,0,0,0,0,0,-1.65,-1.65
06.01.2022 06:32:09 UTC,16869869152,Versand durch Amazon Lagergebühr,21111416V7,,Versand durch Amazon Gebühr für Rücksendung,,Amazon.de,,,,,,0,0,0,0,0,0,0,0,0,0,0,0,-4.95,-4.95
06.01.2022 06:34:09 UTC,16869869152,Bestellung,302-2295823-3177163,IT_S&L-FBA-Color-Marble_40pcs,ARSUK Cat's Eye Glasmurmeln Schutz vor Beschädigungen für Sportspielzeug und Outdoor (Farbe Marbles_40pcs),1,amazon.de,Amazon,Beverwijk,,1948DE,MarketplaceFacilitator,5.11,1.07,0,0,0,0,0,0,-1.07,-0.93,-1.32,0,0,2.86
06.01.2022 06:42:42 UTC,16869869152,Bestellung,302-1532305-8316344,FBA_27W_Replacement_Bulb_Expp,ARSUK Leuchtstoffröhre 27 W. Ersatz für natürliches Tageslicht / Sonneneinstrahlung. FML-Lampe. ideal für BB-DL210 [Energieklasse A+++] (27W Ersat,1,amazon.de,Amazon,Pottenstein,,2563,MarketplaceFacilitator,12.6,2.52,1.67,0.33,0,0,-1.67,-0.33,-2.52,-2.27,-2.66,0,0,7.67
06.01.2022 07:37:23 UTC,16869869152,Bestellung,306-1727201-1982744,FBA_Cxpp_0.20g-2K-Bio-Pellets-WHT,ARSUK Softair Kugeln Munition Paintball Hochwertige BB. High Grade 6mm - 0.20g. Gewehr Sniper Waffen Erwachsene Jagdsport Zubehör,1,amazon.de,Amazon,Berlin,Berlin,12627,MarketplaceFacilitator,9.24,1.76,0,0,0,0,0,0,-1.76,-1.65,-2.52,0,0,5.07
06.01.2022 08:21:13 UTC,16869869152,Bestellung,306-7876158-2198768,FBA_Cxpp_0.20g-2K-Bio-Pellets-WHT,ARSUK Softair Kugeln Munition Paintball Hochwertige BB. High Grade 6mm - 0.20g. Gewehr Sniper Waffen Erwachsene Jagdsport Zubehör,1,amazon.de,Amazon,Werneuchen,Deutschland,16356,MarketplaceFacilitator,9.24,1.76,0,0,0,0,0,0,-1.76,-1.65,-2.52,0,0,5.07
06.01.2022 08:40:27 UTC,16869869152,Bestellung,028-6691309-7937122,A4xpp_code:1328_shipbell_3inch,ARSUK Schiffsglocke Türklingel Messing Wand Tür Bahnhofs antik Vintage Entwurfs Garten Glocke für Schulempfang. Abendessen. Shop. Hotelservice. Han,1,amazon.de,Amazon,Köln,Nordrhein Westfalen,50968,MarketplaceFacilitator,20.16,3.83,0,0,0,0,0,0,-3.83,-3.12,-3.38,0,0,13.66
06.01.2022 08:45:45 UTC,16869869152,Bestellung,028-8641827-3298753,FBA_1X_27W Replacement Bulb-8X99,ARSUK Ersatz-Leuchtmittel für Tageslicht-Leselampen. 27 W. 4-polig. GX10Q-4. Vierfachröhre (6500 K),1,amazon.de,Amazon,Bernau,,16321,MarketplaceFacilitator,10.63,2.02,3.35,0.64,0,0,0,0,-2.66,-1.9,-5.96,0,0,6.12
06.01.2022 09:01:44 UTC,16869869152,Bestellung,306-4828127-5656360,FBA-ARS_GlassFoodContainers-6pcsx200ml,ARSUK Aufbewahrungsbehälter für Babynahrung aus Glas. kleine Tupperware Entwöhnungsschalen - Snack-Töpfe für Kleinkinder. Gefrierschrank-Boxen |,1,amazon.de,Amazon,Buchholz (westerwald),,53567,MarketplaceFacilitator,13.44,2.55,1.67,0.32,0,0,-1.67,-0.32,-2.55,-2.4,-4.3,0,0,6.74
06.01.2022 09:03:05 UTC,16869869152,Bestellung,302-5337689-7357156,FBA_27W_naturalbulb_packof1_Expp,ARSUK Leuchtstoffröhre. 27 W,1,amazon.de,Amazon,Differdange,,L-4630,MarketplaceFacilitator,8.82,1.5,0,0,0,0,0,0,-1.5,-1.55,-2.66,0,0,4.61
06.01.2022 09:20:38 UTC,16869869152,Bestellung,305-6841084-6869960,FBA_Red_Apple_Peeler_New,ARSUK Apfelschäler Kartoffel Obstschneider. Apfelentkerner. Schälmaschine Kartoffelschäler und Spiralisierer. Gemüseschäler für die Küche. Einf,1,amazon.de,Amazon,Lörrach,,79540,MarketplaceFacilitator,10.92,2.07,3.35,0.64,0,0,0,0,-2.71,-1.95,-6.7,0,0,5.62
06.01.2022 09:41:46 UTC,16869869152,Bestellung,303-0841944-9793943,FBA_TL-Th_holder_Code_Tol-06-Black,ARSUK Toilettenpapierhalter mit Handyregal. Wand-Seidenpapierspender für die Küche im Badezimmer. Klebstoff- und Schraubenmontage (Schwarz),1,amazon.de,Amazon,Mainhardt-Bubenorbis,Baden-Württemberg,74535,MarketplaceFacilitator,11,2.09,0,0,0,0,0,0,-2.09,-1.7,-3.38,0,0,5.92
06.01.2022 10:32:35 UTC,16869869152,Bestellung,302-4777212-2619515,7xPP_Coloured_Marbel_200pc,ARSUK Cat's Eye Farbiger Glasmarmor läuft. kommt in Einer Tasche. Schutz vor Beschädigung. Sportspielzeug & Outdoor-Spiele (200 Stück Farbe Marmor),1,amazon.de,Amazon,Quickborn,,25451,MarketplaceFacilitator,11.15,2.12,0,0,0,0,0,0,-2.12,-1.99,-3.99,0,0,5.17
06.01.2022 10:46:21 UTC,16869869152,Bestellung,304-9948174-9277153,B6xPP_code:ARS-GD004_4_Pair_Rack_Round,ARSUK Schuhabstreifer gusseisen. Schuhbürsten. Gartendeko. rostbraun. Schuhzubehör & Pflege (4 Paar Stiefel Zahnstange),1,amazon.de,Amazon,Euskirchen,Nordrhein-Westfalen,53881,MarketplaceFacilitator,32.76,6.23,0,0,0,0,0,0,-6.23,-5.85,-7.01,0,0,19.9
06.01.2022 10:58:17 UTC,16869869152,Bestellung,302-9155952-5873106,FBA_9xPP_0.20G-10000-BB_Pellets_White,ARSUK Airsoft BB Pellets Bälle Hochwertiger Paintball Hochleistungs und glatt poliert - 6 mm. 0.20 g. 10000 Runden,1,amazon.de,Amazon,Ingeldorf,,9161,MarketplaceFacilitator,20.17,3.43,2.98,0.51,0,0,0,0,-3.94,-3.54,-7.68,0,0,11.93
06.01.2022 11:16:35 UTC,16869869152,Bestellung,305-9259702-6512369,FBA_1X_27W Replacement Bulb-8X99,ARSUK Ersatz-Leuchtmittel für Tageslicht-Leselampen. 27 W. 4-polig. GX10Q-4. Vierfachröhre (6500 K),1,amazon.de,Amazon,Korbußen,,7554,MarketplaceFacilitator,10.63,2.02,0,0,0,0,0,0,-2.02,-1.9,-2.66,0,0,6.07
06.01.2022 11:21:20 UTC,16869869152,Bestellung,028-3078257-6725113,FBA_TL-Th_holder_Code_Tol-05-Chrome,ARSUK Toilettenpapierhalter mit Handyregal. Wand-Seidenpapierspender für die Küche im Badezimmer. Klebstoff- und Schraubenmontage (Chrom),1,amazon.de,Amazon,Heilbronn,,74074,MarketplaceFacilitator,10.16,1.93,0,0,0,0,0,0,-1.93,-1.57,-3.38,0,0,5.21
06.01.2022 12:26:12 UTC,16869869152,Bestellung,305-9777756-7369119,Fba_Bxpp_ColourMarbels_100pcs,ARSUK 100 Glasmurmeln. Spielzeug. Deko Kugeln Durchsichtig Klare Glasmurmeln.Dekoration Glasperlen bunt für Zuhause oder Kinder Spiele. Schulgeschenk,1,amazon.de,Amazon,Etterbeek,,1040,MarketplaceFacilitator,10.16,2.13,0.48,0.1,0,0,-0.48,-0.1,-2.13,-1.84,-2.52,0,0,5.8
06.01.2022 12:39:36 UTC,16869869152,Bestellung,304-3541828-1605116,FBA_Cxpp_0.20g-2K-Bio-Pellets-WHT,ARSUK Softair Kugeln Munition Paintball Hochwertige BB. High Grade 6mm - 0.20g. Gewehr Sniper Waffen Erwachsene Jagdsport Zubehör,1,amazon.de,Amazon,Geesthacht,,21502,MarketplaceFacilitator,9.24,1.76,0,0,0,0,0,0,-1.76,-1.65,-2.52,0,0,5.07
06.01.2022 12:54:38 UTC,16869869152,Bestellung,303-0507171-4533157,FBA_27W_Replacement_Bulb_Expp,ARSUK Leuchtstoffröhre 27 W. Ersatz für natürliches Tageslicht / Sonneneinstrahlung. FML-Lampe. ideal für BB-DL210 [Energieklasse A+++] (27W Ersat,1,amazon.de,Amazon,Schönau,,69250,MarketplaceFacilitator,12.6,2.39,0,0,0,0,0,0,-2.39,-2.25,-2.66,0,0,7.69
06.01.2022 12:54:38 UTC,16869869152,Bestellung,303-0507171-4533157,FBA_Desk_Lamp_DL209_Grey_Bulb,ARSUK Schreibtischlampe. Energiesparlampe mit 27w Ersatz Tageslicht Birnen (Schreibtischlampe Schwarz mit 27W lampe),1,amazon.de,Amazon,Schönau,,69250,MarketplaceFacilitator,26.88,5.11,0,0,0,0,0,0,-5.11,-4.8,-4.77,0,0,17.31
06.01.2022 13:09:58 UTC,16869869152,Servicegebühr,,,Vine Anmeldegebühr,,Amazon.de,,,,,,0,0,0,0,0,0,0,0,0,0,0,0,-170,-170
06.01.2022 13:13:35 UTC,16869869152,Bestellung,306-9495220-4118717,EU_neck&Desk_MAGNIFIER-MG11B-1,ARSUK Vergrößerungsglas. Leselupen. LED Licht Beleuchtete Lupe Lesehilfen & Vergrößerung (Hals und Schreibtischlupe),1,amazon.de,Amazon,Kehl,Baden-Württemberg,77694,MarketplaceFacilitator,11.34,2.15,0,0,0,0,0,0,-2.15,-2.02,-2.01,0,0,7.31
06.01.2022 13:21:56 UTC,16869869152,Bestellung,304-1710713-5823525,FBA_greenApple_peeler_Hx99,ARSUK Apfelschäler Kartoffel Obstschneider. Apfelentkerner. Schälmaschine Kartoffelschäler und Spiralisierer. Gemüseschäler für die Küche. Einf,1,amazon.de,Amazon,Schwäbisch Gmünd,,73527,MarketplaceFacilitator,11.42,2.17,1.12,0.21,0,0,-1.12,-0.21,-2.17,-2.04,-3.38,0,0,6
06.01.2022 14:23:30 UTC,16869869152,Bestellung,303-0549876-6721933,FBA_1X_27W Replacement Bulb-8X99,ARSUK Ersatz-Leuchtmittel für Tageslicht-Leselampen. 27 W. 4-polig. GX10Q-4. Vierfachröhre (6500 K),1,amazon.de,Amazon,München,,80995,MarketplaceFacilitator,10.63,2.02,3.35,0.64,0,0,0,0,-2.66,-1.9,-5.96,0,0,6.12
06.01.2022 14:31:51 UTC,16869869152,Bestellung,305-1427655-3899538,8xpp_code:ARS-HM,ARSUK große handgemachte blumige im Dunkeln leuchtende Gepunktete Glasmurmeln Verschiedene Sportspielzeuge Kinderspiele Laufen,1,amazon.de,Amazon,Ostfildern-Kemnat,Baden-Württemberg,73760,MarketplaceFacilitator,11.59,2.2,0,0,0,0,-0.24,-0.04,-2.16,-2.03,-2.52,0,0,6.8
06.01.2022 14:31:51 UTC,16869869152,Bestellung,302-6968086-5715531,FBA_8xc9_0.20g-2K-Pellets-WHT,ARSUK Softair Kugeln Munition Paintball Hochwertige BB. High Grade 6mm. 0.20g. Gewehr Sniper Waffen Erwachsene Jagdsport Zubehör,1,amazon.de,Amazon,Sindelfingen,,71069,MarketplaceFacilitator,9.2,1.75,3.35,0.64,0,0,0,0,-2.39,-1.64,-5.82,0,0,5.09
06.01.2022 14:52:29 UTC,16869869152,Bestellung,306-2926839-3793106,FBA_Dxpp_100psc_ColourMarbles,ARSUK Glasmurmeln. Spielzeug. Deko Kugeln Durchsichtig Klare Glasmurmeln. Dekoration Glaskügelchen bunt,1,amazon.de,Amazon,Essen,NRW,45359,MarketplaceFacilitator,7.76,1.47,0,0,0,0,0,0,-1.47,-1.38,-2.52,0,0,3.86
06.01.2022 14:56:46 UTC,16869869152,Bestellung,305-2341229-5169966,FBA-B5xPP_code:ARS-GD001_2_PairBoot_Rack,ARSUK Welly Schuhabstreifer. Stiefelknecht. Schuhbürsten. Motiv Schuhzubehör & Pflege gusseisen Eisen Booten Gestell Halter. Schuh Gestell Rahmen. S,1,amazon.de,Amazon,Neuenstadt am Kocher,Baden-Württemberg,74196,MarketplaceFacilitator,26.88,5.11,0.67,0.13,0,0,-0.67,-0.13,-5.11,-4.8,-4.77,0,0,17.31
06.01.2022 15:15:29 UTC,16869869152,Bestellung,302-5108625-5328347,FBA-DxD9_Small-120ml_Containers(16pc),ARSUK 16 Stück Essen Aufbewahrungsbox Crispr 120 ml Mini Mikrowelle für Baby Kinder Kleinkind BPA-Frei,1,amazon.de,Amazon,Unna,,59427,MarketplaceFacilitator,13.02,2.47,0,0,0,0,0,0,-2.47,-2.32,-2.95,0,0,7.75
06.01.2022 15:15:45 UTC,16869869152,Bestellung,303-3242968-0305922,FBA_Green_SprayingMop_600ml_A2xpp,ARSUK Sprühen Mopp Wasser Sprühen Bodenreiniger Fliesen Marmor Küche 600 ml Micro Fibre (Grün Spray Mop 600ml),1,amazon.de,Amazon,Leipzig,Deutschland,4356,MarketplaceFacilitator,14.95,2.84,0,0,0,0,0,0,-2.84,-2.67,-3.99,0,0,8.29
06.01.2022 15:46:49 UTC,16869869152,Bestellung,303-9631421-8079545,FBA_4PP_10pc_Glow_inthedark_Marbles,ARSUK 10pcs Large Handmade Flowerish Style Glow in The Dark Punktierte Glasmurmeln. Schutz vor Beschädigungen. Sportspielzeug & Outdoor (10 Stück im,2,amazon.de,Amazon,Graz,,8045,MarketplaceFacilitator,23.68,4.74,0,0,0,0,-1.65,-0.34,-4.4,-3.96,-5.04,0,0,13.03
06.01.2022 16:03:34 UTC,16869869152,Bestellung,028-3776658-6409905,Mope-Handle-purple,ARSUK Wischmop Griff mit wischmop ersatzkopf Zusammenklappbar mit 2 Ersatz-Mikrofaser Wischmop - Lila,1,amazon.de,Amazon,Hannover,,30167,MarketplaceFacilitator,15.96,3.03,1.67,0.32,0,0,-1.67,-0.32,-3.03,-2.85,-3.99,0,0,9.12
06.01.2022 16:09:45 UTC,16869869152,Bestellung,302-9942528-5131556,Fba_CAxpp_Code:ARS-DL-209_Desk-Lamp_GRAY,ARSUK®Schreibtischlampen. Lampenfüße. Tisch- & Nachttischlampen (Schreibtischlampen. Schreibtischlamp Grau mit 27w Glühlampe),1,amazon.de,Amazon,Oranienburg,,16515,MarketplaceFacilitator,26.88,5.11,0,0,0,0,0,0,-5.11,-4.8,-4.77,0,0,17.31
06.01.2022 16:33:10 UTC,16869869152,Bestellung,303-5922316-4815554,FBA_Dxpp_100psc_ColourMarbles,ARSUK Glasmurmeln. Spielzeug. Deko Kugeln Durchsichtig Klare Glasmurmeln. Dekoration Glaskügelchen bunt,1,amazon.de,Amazon,Crailsheim,Baden-Württemberg,74564,MarketplaceFacilitator,7.76,1.47,0,0,0,0,0,0,-1.47,-1.38,-2.52,0,0,3.86
06.01.2022 17:51:46 UTC,16869869152,Bestellung,305-6005405-7640326,P-EU_Silicon_ClipOn_Tray,ARSUK Vorratsbehälter 9 Stück x 75ml zum Einfrieren von Babybrei mit Silikondeckel. BPA-Frei,2,amazon.de,Amazon,Wiesbaden,Hessen,65201,MarketplaceFacilitator,15.1,2.88,1.33,0.26,0,0,-1.33,-0.26,-2.88,-1.44,-5.9,0,0,7.76
06.01.2022 18:18:04 UTC,16869869152,Bestellung,302-2319992-3125966,P-EU_Silicon_ClipOn_Tray,ARSUK Vorratsbehälter 9 Stück x 75ml zum Einfrieren von Babybrei mit Silikondeckel. BPA-Frei,1,amazon.de,Amazon,Neudorf bei Parndorf,,2475,MarketplaceFacilitator,7.55,1.51,0,0,0,0,0,0,-1.51,-0.72,-2.95,0,0,3.88
06.01.2022 18:41:08 UTC,16869869152,Bestellung,304-1158222-5408352,FBA_TL-Th_holder_Code_Tol-06-Black,ARSUK Toilettenpapierhalter mit Handyregal. Wand-Seidenpapierspender für die Küche im Badezimmer. Klebstoff- und Schraubenmontage (Schwarz),1,amazon.de,Amazon,St. Michael,Kärnten,9143,MarketplaceFacilitator,11.5,2.3,0,0,0,0,0,0,-2.3,-1.79,-3.38,0,0,6.33
06.01.2022 18:56:00 UTC,16869869152,Bestellung,028-2001810-6966730,FBA_5xpp_Blue-200PCS _(1KG),ARSUK Kiesel. gerundete Dekorsteine. für Vasen und Dekoration. Marbles. Glasmurmeln. Wohnaccessoires & Dekoartikel 200pcs (1kg) (Blau),1,amazon.de,Amazon,Berlin,,12045,MarketplaceFacilitator,8.51,1.62,0,0,0,0,0,0,-1.62,-1.52,-3.99,0,0,3
06.01.2022 18:56:00 UTC,16869869152,Bestellung,028-2001810-6966730,FBA_4xpp_GreenPebbles:ARS05GR_1.5XPACKS,Kiesel. gerundete Dekorsteine. für Vasen und Dekoration. Marbles. Glasmurmeln. Wohnaccessoires & Dekoartikel 200pcs (1kg) Von ARSUK® (Grün),1,amazon.de,Amazon,Berlin,,12045,MarketplaceFacilitator,8.44,1.6,0,0,0,0,0,0,-1.6,-1.51,-3.99,0,0,2.94
06.01.2022 19:16:24 UTC,16869869152,Bestellung,028-2640349-4770703,FBA_1X_27W Replacement Bulb-8X99,ARSUK Ersatz-Leuchtmittel für Tageslicht-Leselampen. 27 W. 4-polig. GX10Q-4. Vierfachröhre (6500 K),1,amazon.de,Amazon,Ammersbek,Schleswig Holstein,22949,MarketplaceFacilitator,10.63,2.02,0,0,0,0,0,0,-2.02,-1.9,-2.66,0,0,6.07
06.01.2022 19:38:07 UTC,16869869152,Bestellung,302-0407337-6984368,FBA_Boot-Scraper:18039-BLK,ARSUK Welly Schuhabstreifer. Stiefelknecht. Schuhbürsten. Motiv Schuhzubehör & Pflege Gusseisen Wellington Schuhablage. Hergestellt Aus Metall Schuh,1,amazon.de,Amazon,Aurachtal,BAYERN,91086,MarketplaceFacilitator,31.08,5.91,0,0,0,0,0,0,-5.91,-5.55,-4.77,0,0,20.76
06.01.2022 20:04:30 UTC,16869869152,Bestellung,305-2026656-5666726,PAN_EU_TMI-1167_Beard&Mustache_Scissors,ARSUK Bartschere. Schnurrbart Schere. Nase Haarentfernung Edelstahl Schere Geeignet zum Stutzen des Bartes. Nasen. Ohrenhaare. Schnurrbart und Körper,1,amazon.de,Amazon,Himberg bei Wien,Niederösterreich,2325,MarketplaceFacilitator,5.03,1.01,0,0,0,0,0,0,-1.01,-0.91,-1.73,0,0,2.39
06.01.2022 20:06:39 UTC,16869869152,Bestellung,302-3137824-5393926,FBA_6xPP_BB-DB409_80L_Water_Carrier,ARSUK Wasserträger Container Lagerung Für Hochbau Gartenarbeit Bauernhof Reiten Im Freien Rinderfütterung Vieh Schubkarre Tasche BPA-frei,1,amazon.de,Amazon,Muldestausee,,6774,MarketplaceFacilitator,14.28,2.71,0,0,0,0,0,0,-2.71,-2.55,-3.38,0,0,8.35
06.01.2022 20:07:17 UTC,16869869152,Bestellung,306-9862321-0181914,FBA_A2xpp_0.20g-5000-tub-White,ARSUK Softair Kugeln Munition Paintball Hochwertige BB. High Grade 6mm - 0.20g. Gewehr Sniper Waffen Erwachsene Jagdsport Zubehör,1,amazon.de,Amazon,Neukieritzsch,,4575,MarketplaceFacilitator,13.45,2.55,1.67,0.32,0,0,-1.67,-0.32,-2.55,-2.4,-3.99,0,0,7.06
06.01.2022 20:07:32 UTC,16869869152,Bestellung,305-0957224-0510761,FBA_Cxpp_0.20g-2K-Bio-Pellets-WHT,ARSUK Softair Kugeln Munition Paintball Hochwertige BB. High Grade 6mm - 0.20g. Gewehr Sniper Waffen Erwachsene Jagdsport Zubehör,1,amazon.de,Amazon,Lichtentanne,,8115,MarketplaceFacilitator,9.24,1.76,0,0,0,0,0,0,-1.76,-1.65,-2.52,0,0,5.07
06.01.2022 20:14:30 UTC,16869869152,Bestellung,306-6670759-5721949,FBA_Cxpp_0.20g-2K-Bio-Pellets-WHT,ARSUK Softair Kugeln Munition Paintball Hochwertige BB. High Grade 6mm - 0.20g. Gewehr Sniper Waffen Erwachsene Jagdsport Zubehör,1,amazon.de,Amazon,Blankenhagen,Mecklenburg-Vorpommern,18182,MarketplaceFacilitator,9.24,1.76,0,0,0,0,0,0,-1.76,-1.65,-2.52,0,0,5.07
06.01.2022 20:41:13 UTC,16869869152,Erstattung,305-9348497-8091525,FBA_Green_SprayingMop_600ml_A2xpp,ARSUK Sprühen Mopp Wasser Sprühen Bodenreiniger Fliesen Marmor Küche 600 ml Micro Fibre (Grün Spray Mop 600ml),1,amazon.de,Amazon,Heimbach,Nordrhein-Westfalen,52396,MarketplaceFacilitator,-14.95,-2.84,-1.12,-0.21,0,0,1.12,0.21,2.84,2.14,0,0,0,-12.81
06.01.2022 21:09:48 UTC,16869869152,Bestellung,302-6960073-9257935,SML-07x4p_Code:3501-30-Chrome_th_Wall,ARSUK Papierhandtuchhalter. Küchenhalter Rolle Spender Rack Wandmontage passt in einen Schrank oder unter Schrank Metall (Chrom),2,amazon.de,Amazon,Wien,,1100,MarketplaceFacilitator,10.06,2.02,0,0,0,0,0,0,-2.02,-1.82,-2.64,0,0,5.6
06.01.2022 21:11:26 UTC,16869869152,Erstattung,028-1462775-5363549,P-EU_Silicon_ClipOn_Tray,ARSUK Vorratsbehälter 9 Stück x 75ml zum Einfrieren von Babybrei mit Silikondeckel. BPA-Frei,1,amazon.de,Amazon,Lohne (oldenburg),,49393,MarketplaceFacilitator,-7.34,-1.39,0,0,0,0,0,0,1.39,0.56,0,0,0,-6.78
06.01.2022 21:14:07 UTC,16869869152,Bestellung,303-5695595-5195546,FBA_8xc9_0.20g-2K-Pellets-WHT,ARSUK Softair Kugeln Munition Paintball Hochwertige BB. High Grade 6mm. 0.20g. Gewehr Sniper Waffen Erwachsene Jagdsport Zubehör,1,amazon.de,Amazon,Vechta,,49377,MarketplaceFacilitator,9.2,1.75,0,0,0,0,0,0,-1.75,-1.64,-2.52,0,0,5.04
06.01.2022 21:27:32 UTC,16869869152,Bestellung,304-9669324-9981927,FBA_Dxpp_100psc_ColourMarbles,ARSUK Glasmurmeln. Spielzeug. Deko Kugeln Durchsichtig Klare Glasmurmeln. Dekoration Glaskügelchen bunt,1,amazon.de,Amazon,Stadl - Paura,,4651,MarketplaceFacilitator,7.76,1.55,1.66,0.33,0,0,-1.66,-0.33,-1.55,-1.4,-2.52,0,0,3.84
06.01.2022 23:16:23 UTC,16869869152,,a896767d-5a2b-41fe-a62a-e5ed95c006f7,,Sparen Sie 5 % auf Schreibtischlampe mit kabellosem Ladegerät,1,Amazon.de,,,,,,0,0,0,0,0,0,0,0,0,0,0,-0.5,0,-0.5
06.01.2022 23:48:38 UTC,16869869152,Bestellung,306-5824655-1260367,FBA_Dxpp_100psc_ColourMarbles,ARSUK Glasmurmeln. Spielzeug. Deko Kugeln Durchsichtig Klare Glasmurmeln. Dekoration Glaskügelchen bunt,1,amazon.de,Amazon,warwerort,Schleswig-Holstein,25761,MarketplaceFacilitator,7.76,1.47,0,0,0,0,0,0,-1.47,-1.38,-2.52,0,0,3.86
07.01.2022 00:21:06 UTC,16869869152,Bestellung,028-0336382-7964372,A_FBA_Spinning_Shooting_Target,ARSUK Airsoft Pellet Spinnen Ziel Selbst Zurücksetzen Schwingen Ziel Metall Zum Luftgewehr. Gewehr. und Pistole Indoor Draussen Schießen Üben,1,amazon.de,Amazon,Seifhennersdorf,Sachsen,2782,MarketplaceFacilitator,15.97,3.03,0,0,0,0,0,0,-3.03,-2.85,-2.52,0,0,10.6
07.01.2022 00:39:51 UTC,16869869152,Bestellung,304-7476427-1497904,FBA_Purple_SprayingMop_600ml_A2xpp,ARSUK Sprühen Mopp Wasser Sprühen Bodenreiniger Fliesen Marmor Küche 600 ml Micro Fibre,1,amazon.de,Amazon,Göppingen,Baden Württemberg,73037,MarketplaceFacilitator,15.96,3.03,0,0,0,0,0,0,-3.03,-2.85,-3.99,0,0,9.12
07.01.2022 01:42:34 UTC,16869869152,Bestellung,304-8461364-4877120,Boot-Scraper-2brush-code:18039-BLK,ARSUK Welly Schuhabstreifer. Stiefelknecht. Schuhbürsten. Schuhzubehör & Pflege Gusseisen Stiefel Gestell Halter und Praktisch Stiefel Stand,1,amazon.de,Amazon,Salzgitter,Deutschland,38228,MarketplaceFacilitator,33.61,6.38,0,0,0,0,0,0,-6.38,-6,-4.77,0,0,22.84
07.01.2022 01:46:38 UTC,16869869152,Bestellung,304-8628900-4272336,FBA_Red_Apple_Peeler_New,ARSUK Apfelschäler Kartoffel Obstschneider. Apfelentkerner. Schälmaschine Kartoffelschäler und Spiralisierer. Gemüseschäler für die Küche. Einf,1,amazon.de,Amazon,Baldham,,85598,MarketplaceFacilitator,10.92,2.07,3.35,0.64,0,0,-3.35,-0.64,-2.07,-1.95,-3.38,0,0,5.59
07.01.2022 02:15:08 UTC,16869869152,Bestellung,303-8029934-8365927,FBA_Boot-Scraper:18039-BLK,ARSUK Welly Schuhabstreifer. Stiefelknecht. Schuhbürsten. Motiv Schuhzubehör & Pflege Gusseisen Wellington Schuhablage. Hergestellt Aus Metall Schuh,1,amazon.de,Amazon,Ockenfels,,53545,MarketplaceFacilitator,32.76,6.23,0,0,0,0,0,0,-6.23,-5.85,-4.77,0,0,22.14
07.01.2022 02:16:20 UTC,16869869152,Bestellung,304-7106198-8994718,FBA_6xPP_BB-DB409_80L_Water_Carrier,ARSUK Wasserträger Container Lagerung Für Hochbau Gartenarbeit Bauernhof Reiten Im Freien Rinderfütterung Vieh Schubkarre Tasche BPA-frei,1,amazon.de,Amazon,Frankenfeld - Bosse,Niedersachsen,27336,MarketplaceFacilitator,14.28,2.71,0,0,0,0,0,0,-2.71,-2.55,-3.38,0,0,8.35
07.01.2022 02:36:36 UTC,16869869152,Bestellung,303-4684540-9436301,FBA_27W_naturalbulb_packof1_Expp,ARSUK Leuchtstoffröhre. 27 W,3,amazon.de,Amazon,Windesheim,Rheinland-Pfalz,55452,MarketplaceFacilitator,26.46,5.01,3.36,0.63,0,0,-3.36,-0.63,-5.01,-4.71,-7.98,0,0,13.77
07.01.2022 02:40:22 UTC,16869869152,Bestellung,028-7973825-2617906,Fba_CAxpp_ARS-DL-209_Desk-Lamp_Grey,ARSUK Schreibtischlampe. Energiesparlampe mit 27w Ersatz Tageslicht Birnen (Schreibtischlampe grau mit 27W lampe),1,amazon.de,Amazon,Göttingen,,37081,MarketplaceFacilitator,27.72,5.27,3.35,0.64,0,0,-3.35,-0.64,-5.27,-4.95,-4.77,0,0,18
07.01.2022 02:45:17 UTC,16869869152,Bestellung,305-4583958-3523515,Fba_CAxpp_ARS-DL-209_Desk-Lamp_Grey,ARSUK Schreibtischlampe. Energiesparlampe mit 27w Ersatz Tageslicht Birnen (Schreibtischlampe grau mit 27W lampe),1,amazon.de,Amazon,Gutach i.Brsg.,,79261,MarketplaceFacilitator,27.72,5.27,0,0,0,0,0,0,-5.27,-4.95,-4.77,0,0,18
07.01.2022 03:01:29 UTC,16869869152,Bestellung,305-0563340-1058702,PAN_EU_Tmi-1174_curved_arrow_pointed,Nagelschere und Nagelhautschere extra fein Solingen - Extra scharf mit gebogener Schneide - Fingernagel Nail Scissors- und Nagel schere Fussnägel - n,1,amazon.de,Amazon,München,,81245,MarketplaceFacilitator,4.19,0.8,0.83,0.16,0,0,-0.83,-0.16,-0.8,-0.4,-1.73,0,0,2.06
07.01.2022 03:05:22 UTC,16869869152,Bestellung,303-7312277-5669954,FBA_6xPP_BB-DB409_80L_Water_Carrier,ARSUK Wasserträger Container Lagerung Für Hochbau Gartenarbeit Bauernhof Reiten Im Freien Rinderfütterung Vieh Schubkarre Tasche BPA-frei,1,amazon.de,Amazon,Eggenfelden,,84307,MarketplaceFacilitator,14.28,2.71,0,0,0,0,0,0,-2.71,-2.55,-3.38,0,0,8.35
07.01.2022 03:18:20 UTC,16869869152,Bestellung,304-5588631-9136320,A_FBA_16gm_Capsule_10_Pack,ARSUK 16g CO2 Patronen Gewinde Gas Kapsel Schnell Luft Nachfüllung Zum Fahrrad Auto Fahrzeuge Schrader Aufblasgerät Fahrrad Reifen Pumpe Fett Straß,1,amazon.de,Amazon,Berlin,,12165,,12.61,0,0,0,0,0,0,0,0,-1.01,-2.52,0,0,9.08
07.01.2022 06:33:43 UTC,16869869152,Bestellung,306-2628791-7273914,A_FBA_16gm_Capsule_10_Pack,ARSUK 16g CO2 Patronen Gewinde Gas Kapsel Schnell Luft Nachfüllung Zum Fahrrad Auto Fahrzeuge Schrader Aufblasgerät Fahrrad Reifen Pumpe Fett Straß,1,amazon.de,Amazon,Grünenbach,Bayern,88167,MarketplaceFacilitator,13.28,2.52,0,0,0,0,0,0,-2.52,-1.26,-2.62,0,0,9.4
07.01.2022 06:49:20 UTC,16869869152,Bestellung,028-1244237-2822710,EU_Speed_Loader_90_rounds_BLK_Cxpp,ARSUK Airsoft BB Geschwindigkeit Lader 90 Runden Hoch Wird geladen Werkzeuge Zum 6mm BB Pellets. Airsoft BBs Gun. Pistole. und Zeitschrift,1,amazon.de,Amazon,Köln,,50931,MarketplaceFacilitator,6.72,1.28,0,0,0,0,0,0,-1.28,-1.2,-1.88,0,0,3.64
07.01.2022 07:53:45 UTC,16869869152,Bestellung,304-2270520-3436345,FBA_ARS_Code:31666_Can_Snuffer_Set,ARSUK Candle Snuffer Set Feuerlöscher aus massivem Messing Nickel Holz Kerzenabdeckung Werkzeug zum sicheren Löschen (Messing_Snuffer_Set_3 STK),1,amazon.de,Amazon,Beverungen,,37688,MarketplaceFacilitator,12.76,2.43,0,0,0,0,0,0,-2.43,-2.28,-2.52,0,0,7.96
07.01.2022 08:29:29 UTC,16869869152,Bestellung,028-2125552-4593934,FBA_ AAxPP_code:80045_Wooden_Hand_Bell,"ARSUK Schule Hand Glocken Silber und Messing plattiert Kristall Glänzend Und Schwer Produkt Zum lange Begriff Verwenden (Hand Glocke: 4"")",1,amazon.de,Amazon,Maria Enzersdorf,Niederoesterreich,2344,,15.12,0,3.99,0,0,0,0,0,0,-1.81,-6.68,0,0,10.62
07.01.2022 08:30:40 UTC,16869869152,Bestellung,028-4418158-9451513,SML-07x4p_Code:3501-30-Chrome_th_Wall,ARSUK Papierhandtuchhalter. Küchenhalter Rolle Spender Rack Wandmontage passt in einen Schrank oder unter Schrank Metall (Chrom),1,amazon.de,Amazon,Werneuchen,,16356,MarketplaceFacilitator,5.03,0.96,2.51,0.48,0,0,0,0,-1.44,-0.9,-3.79,0,0,2.85
07.01.2022 08:43:15 UTC,16869869152,Bestellung,303-3791220-5633922,FBA_Ex79_ARS04BL_Black pebbles(1 kg),ARSUK Glaskiesel dekorative Steine Perlen Nuggets Edelsteine Mosaikfliesen für Vasen Craft Garden Bowls Aquarium (200 Schwarze Kieselsteine),1,amazon.de,Amazon,CAPELLEN,,8310,MarketplaceFacilitator,8.39,1.43,0,0,0,0,0,0,-1.43,-1.47,-3.99,0,0,2.93
07.01.2022 08:50:44 UTC,16869869152,Bestellung,028-2909135-1549167,FBA_4PP_10pc_Glow_inthedark_Marbles,ARSUK 10pcs Large Handmade Flowerish Style Glow in The Dark Punktierte Glasmurmeln. Schutz vor Beschädigungen. Sportspielzeug & Outdoor (10 Stück im,1,amazon.de,Amazon,Aachen,Nordrhein-Westfalen,52080,MarketplaceFacilitator,11.84,2.25,0,0,0,0,0,0,-2.25,-2.11,-2.52,0,0,7.21
07.01.2022 09:32:45 UTC,16869869152,Bestellung,028-9878625-7181964,FBA_Green_Mop&Bucket_Set_Code:R-3S,ARSUK Wischmop und Eimer mit Power Schleuder. Eimer. Bodenwischer mit Rotations-Mechanismus. 360 Mop Set. Reinigungszubehör. (Eimer Set Zitrone),1,amazon.de,Amazon,Düsseldorf,,40476,MarketplaceFacilitator,31.92,6.07,0,0,0,0,0,0,-6.07,-5.7,-6.95,0,0,19.27
07.01.2022 10:25:48 UTC,16869869152,Bestellung,302-9965859-6621917,S&L-FBA-Color-Marble_40pcs_4xpp,ARSUK Cat's Eye Glasmurmeln Schutz vor Beschädigungen für Sportspielzeug und Outdoor (Farbe Marbles_40pcs),1,amazon.de,Amazon,Vallendar,,56179,MarketplaceFacilitator,5.12,0.97,0,0,0,0,0,0,-0.97,-0.91,-1.32,0,0,2.89
07.01.2022 10:33:52 UTC,16869869152,Bestellung,305-7719083-0880327,FBA_8xc9_0.20g-2K-Pellets-WHT,ARSUK Softair Kugeln Munition Paintball Hochwertige BB. High Grade 6mm. 0.20g. Gewehr Sniper Waffen Erwachsene Jagdsport Zubehör,1,amazon.de,Amazon,Kamp-lintfort,,47475,MarketplaceFacilitator,9.2,1.75,0,0,0,0,0,0,-1.75,-1.64,-2.52,0,0,5.04
07.01.2022 10:36:51 UTC,16869869152,Bestellung,304-2997164-5077935,FBA_27W_Replacement_Bulb_Expp,ARSUK Leuchtstoffröhre 27 W. Ersatz für natürliches Tageslicht / Sonneneinstrahlung. FML-Lampe. ideal für BB-DL210 [Energieklasse A+++] (27W Ersat,1,amazon.de,Amazon,Bremerhaven,,27572,MarketplaceFacilitator,12.6,2.39,0,0,0,0,0,0,-2.39,-2.25,-2.66,0,0,7.69
07.01.2022 10:37:04 UTC,16869869152,Bestellung,305-9008777-9449158,FBA_27W_Replacement_Bulb_Expp,ARSUK Leuchtstoffröhre 27 W. Ersatz für natürliches Tageslicht / Sonneneinstrahlung. FML-Lampe. ideal für BB-DL210 [Energieklasse A+++] (27W Ersat,1,amazon.de,Amazon,Berlin,,13059,MarketplaceFacilitator,12.6,2.39,0,0,0,0,0,0,-2.39,-2.25,-2.66,0,0,7.69
07.01.2022 10:38:09 UTC,16869869152,Bestellung,302-0985102-1217927,FBA_27W_naturalbulb_packof1_Expp,ARSUK Leuchtstoffröhre. 27 W,1,amazon.de,Amazon,Berlin,,13189,MarketplaceFacilitator,8.82,1.67,0,0,0,0,0,0,-1.67,-1.57,-2.66,0,0,4.59
07.01.2022 10:45:43 UTC,16869869152,Bestellung,306-9916449-9261969,FBA_A2xpp_Code:ARS-TG04-BK-Target-Plate,ARSUK BB Schießen Zielscheibe Automatischer Reset Rotator Paintball Gun Metal 37x 26x20 cm,1,amazon.de,Amazon,Stuttgart,,70565,MarketplaceFacilitator,17.65,3.35,0,0,0,0,0,0,-3.35,-3.15,-3.38,0,0,11.12
07.01.2022 10:50:36 UTC,16869869152,Bestellung,303-5791546-0577101,FBA_27W_naturalbulb_packof1_Expp,ARSUK Leuchtstoffröhre. 27 W,1,amazon.de,Amazon,GENTHIN,,39307,MarketplaceFacilitator,8.9,1.69,0,0,0,0,0,0,-1.69,-1.59,-2.66,0,0,4.65
07.01.2022 10:58:37 UTC,16869869152,Bestellung,028-5521514-7000307,FBA-6xpp_Code:ARS04Y-200pcs-Yellow,ARSUK dekorative Glaskiesel. Steine. abgerundete Perlen. Edelsteine für Aquarienvasen Aquarium Blumengarten (200 gelbe Kieselsteine),1,amazon.de,Amazon,Nürnberg,Bayern,90459,MarketplaceFacilitator,9.66,1.84,0,0,0,0,0,0,-1.84,-1.73,-3.99,0,0,3.94
07.01.2022 11:20:05 UTC,16869869152,Bestellung,028-2200025-5361101,FBA_12inch_guncase_Black_9xPP_EBA,ARSUK Black Hard BB Airsoft Pistole Fall Cartridge Bag Slip Gute Qualität 12 Zoll (31 cm),1,amazon.de,Amazon,Wuppertal,,42329,MarketplaceFacilitator,15.97,3.03,0,0,0,0,0,0,-3.03,-2.85,-3.38,0,0,9.74
07.01.2022 12:01:45 UTC,16869869152,Bestellung,305-7289284-2905130,FBA_9xPP_0.20G-10000-BB_Pellets_White,ARSUK Airsoft BB Pellets Bälle Hochwertiger Paintball Hochleistungs und glatt poliert - 6 mm. 0.20 g. 10000 Runden,1,amazon.de,Amazon,L-9172 MICHELAU,,L-9172,MarketplaceFacilitator,20.17,3.43,0,0,0,0,0,0,-3.43,-3.54,-4.77,0,0,11.86
07.01.2022 12:04:36 UTC,16869869152,Bestellung,306-5648975-1201154,FBA_Boot-Scraper:18039-BLK,ARSUK Welly Schuhabstreifer. Stiefelknecht. Schuhbürsten. Motiv Schuhzubehör & Pflege Gusseisen Wellington Schuhablage. Hergestellt Aus Metall Schuh,1,amazon.de,Amazon,Pinneberg,,25421,MarketplaceFacilitator,32.76,6.23,0,0,0,0,0,0,-6.23,-5.85,-4.77,0,0,22.14
07.01.2022 12:19:08 UTC,16869869152,Bestellung,302-3856022-0980319,FBA_Bxpp_ClearPeebles-ARS04-1xPack-500gm,ARSUK Glaskiesel dekorative Steine Perlen Nuggets Edelsteine Mosaikfliesen für Vasen Craft Garden Bowls Aquarium (100 klare Kieselsteine),1,amazon.de,Amazon,BRETIGNY SUR ORGE CEDEX,France,91225,,7.47,0,0,0,0,0,0,0,0,-1.12,-2.52,0,0,3.83
07.01.2022 12:38:50 UTC,16869869152,Bestellung,304-8680461-5454726,EU_3Xpp_0.20g_1000_White_Pellets_Bio,ARSUK Softair kugeln Munition Paintball Hochwertige BB. High Grade 6mm - 0.20g. Gewehr Sniper Waffen Erwachsene Jagdsport Zubehör,1,amazon.de,Amazon,Köln,Nrw,50859,MarketplaceFacilitator,5.88,1.12,0,0,0,0,0,0,-1.12,-1.05,-2.16,0,0,2.67
07.01.2022 13:21:23 UTC,16869869152,Bestellung,305-5108116-9013947,FBA_27W_Replacement_Bulb_Expp,ARSUK Leuchtstoffröhre 27 W. Ersatz für natürliches Tageslicht / Sonneneinstrahlung. FML-Lampe. ideal für BB-DL210 [Energieklasse A+++] (27W Ersat,1,amazon.de,Amazon,Leonstein Rabusestrasse 30,Oberösterreich,4592,MarketplaceFacilitator,12.6,2.52,0,0,0,0,0,0,-2.52,-2.27,-2.66,0,0,7.67
07.01.2022 13:26:14 UTC,16869869152,Bestellung,303-0817204-2205164,FBA-DxD9_Small-120ml_Containers(16pc),ARSUK 16 Stück Essen Aufbewahrungsbox Crispr 120 ml Mini Mikrowelle für Baby Kinder Kleinkind BPA-Frei,1,amazon.de,Amazon,Ammerbuch,Baden-Württemberg,72119,MarketplaceFacilitator,13.02,2.47,0.55,0.11,0,0,-0.55,-0.11,-2.47,-2.32,-2.95,0,0,7.75
07.01.2022 13:44:22 UTC,16869869152,Erstattung,303-4646115-6425166,FBA_8pcs-plastic-box-Small,ARSUK Mini-Vorratsbehälter 8 Stück - 120ml. Mehrfarbig. Kunststoff. BPA-Frei. 5.7x5.7x3.8cm BPA-Frei,1,amazon.de,Amazon,Scheibbs,Niederösterreich,3270,MarketplaceFacilitator,-8.82,-1.76,-0.66,-0.13,0,0,0.66,0.13,1.76,1.27,0,0,0,-7.55
07.01.2022 13:44:26 UTC,16869869152,Bestellung,304-6060362-4908322,A_FBA_Penguin_Go_Racer_Toy,ARSUK - Pinguin Rutsche Mit Musik (Pinguin),1,amazon.de,Amazon,Niederkorn,Differdange,4520,MarketplaceFacilitator,16.8,2.86,0,0,0,0,0,0,-2.86,-2.95,-3.38,0,0,10.47
07.01.2022 14:08:25 UTC,16869869152,Bestellung,304-1013042-9109914,FBA_Green_Mop&Bucket_Set_Code:R-3S,ARSUK Wischmop und Eimer mit Power Schleuder. Eimer. Bodenwischer mit Rotations-Mechanismus. 360 Mop Set. Reinigungszubehör. (Eimer Set Zitrone),1,amazon.de,Amazon,Jessen / Elster,,6917,MarketplaceFacilitator,31.92,6.07,3.35,0.64,0,0,-3.35,-0.64,-6.07,-5.7,-6.95,0,0,19.27
07.01.2022 14:23:44 UTC,16869869152,Bestellung,305-4591782-5045135,EU_3Xpp_0.20g_1000_White_Pellets_Bio,ARSUK Softair kugeln Munition Paintball Hochwertige BB. High Grade 6mm - 0.20g. Gewehr Sniper Waffen Erwachsene Jagdsport Zubehör,1,amazon.de,Amazon,Leun,Hessen,35638,MarketplaceFacilitator,5.88,1.12,0,0,0,0,0,0,-1.12,-1.05,-2.16,0,0,2.67
07.01.2022 14:30:50 UTC,16869869152,Bestellung,306-2940228-5023523,FBA_27W_Replacement_Bulb_Expp,ARSUK Leuchtstoffröhre 27 W. Ersatz für natürliches Tageslicht / Sonneneinstrahlung. FML-Lampe. ideal für BB-DL210 [Energieklasse A+++] (27W Ersat,1,amazon.de,Amazon,Remseck,,71686,MarketplaceFacilitator,12.6,2.39,3.35,0.64,0,0,0,0,-3.03,-2.25,-5.96,0,0,7.74
07.01.2022 14:39:07 UTC,16869869152,Bestellung,304-3877051-1515505,FBA_5xpp_Blue-200PCS _(1KG),ARSUK Kiesel. gerundete Dekorsteine. für Vasen und Dekoration. Marbles. Glasmurmeln. Wohnaccessoires & Dekoartikel 200pcs (1kg) (Blau),1,amazon.de,Amazon,Neumünster,,24537,MarketplaceFacilitator,8.6,1.63,0,0,0,0,0,0,-1.63,-1.53,-3.99,0,0,3.08
07.01.2022 14:39:33 UTC,16869869152,Bestellung,305-5969324-0252330,FBA_27W_Replacement_Bulb_Expp,ARSUK Leuchtstoffröhre 27 W. Ersatz für natürliches Tageslicht / Sonneneinstrahlung. FML-Lampe. ideal für BB-DL210 [Energieklasse A+++] (27W Ersat,1,amazon.de,Amazon,Dornstetten,,72280,MarketplaceFacilitator,12.6,2.39,0,0,0,0,0,0,-2.39,-2.25,-2.66,0,0,7.69
07.01.2022 14:40:18 UTC,16869869152,Bestellung,306-8348721-1613149,Fba_Arsuk_Replacement_6xpp,ARSUK Leuchtmittel Leuchtstoffröhre 27W Ersatz für Tischleuchte. in der Nähe von Tageslicht High Vision Desktop Light 4-polig (Leuchtstoffröhre 27,1,amazon.de,Amazon,Mönsheim,Baden-Württemberg,71297,MarketplaceFacilitator,10.24,1.95,0,0,0,0,0,0,-1.95,-1.83,-2.52,0,0,5.89
07.01.2022 14:52:07 UTC,16869869152,Bestellung,305-1638634-4584312,FBA_27W_naturalbulb_packof1_Expp,ARSUK Leuchtstoffröhre. 27 W,2,amazon.de,Amazon,PIRAEUS,GREECE,18533,MarketplaceFacilitator,17.64,4.24,4.93,1.18,0,0,0,0,-5.42,-3.28,-10.33,0,0,8.96
07.01.2022 15:06:34 UTC,16869869152,Bestellung,304-4833882-9436343,FBA_27W_Replacement_Bulb_Expp,ARSUK Leuchtstoffröhre 27 W. Ersatz für natürliches Tageslicht / Sonneneinstrahlung. FML-Lampe. ideal für BB-DL210 [Energieklasse A+++] (27W Ersat,1,amazon.de,Amazon,Hamminkeln,,46499,MarketplaceFacilitator,12.6,2.39,0,0,0,0,0,0,-2.39,-2.25,-2.66,0,0,7.69
07.01.2022 15:16:49 UTC,16869869152,Bestellung,306-1760552-3142733,FBA_27W_naturalbulb_packof1_Expp,ARSUK Leuchtstoffröhre. 27 W,2,amazon.de,Amazon,Am Ohmberg,Thüringen,37345,MarketplaceFacilitator,17.64,3.34,0,0,0,0,0,0,-3.34,-3.14,-5.32,0,0,9.18
07.01.2022 15:51:05 UTC,16869869152,Bestellung,028-4731577-0594764,8xpp_code:ARS-HM,ARSUK große handgemachte blumige im Dunkeln leuchtende Gepunktete Glasmurmeln Verschiedene Sportspielzeuge Kinderspiele Laufen,1,amazon.de,Amazon,Sundhagen,Mecklenburg-Vorpommern,18519,MarketplaceFacilitator,11.59,2.2,1.12,0.21,0,0,-1.36,-0.25,-2.16,-2.03,-2.52,0,0,6.8
07.01.2022 16:18:44 UTC,16869869152,Erstattung,306-5628555-5436361,FBA_8pcs-plastic-box-Small,ARSUK Mini-Vorratsbehälter 8 Stück - 120ml. Mehrfarbig. Kunststoff. BPA-Frei. 5.7x5.7x3.8cm BPA-Frei,1,amazon.de,Amazon,Broock,Mecklenburg-Vorpommern,19386,MarketplaceFacilitator,-8.82,-1.67,0,0,0,0,0,0,1.67,1.26,0,0,0,-7.56
07.01.2022 16:31:21 UTC,16869869152,Bestellung,305-7781403-7557909,DR-1AOM-SG5K,ARSUK Kiesel. Granulate. Glassteine. Kieselsteine. Wasserperlen. Glasnuggets. bunt Deko Mosaiksteine. Gerundete Dekorsteine für Vasen und Dekoration,1,amazon.de,Amazon,Mannheim,,68305,MarketplaceFacilitator,8.97,1.7,0,0,0,0,0,0,-3.4,-3.2,-3.99,0,0,0.08
07.01.2022 16:31:21 UTC,16869869152,Bestellung,305-7781403-7557909,DR-1AOM-SG5K,ARSUK Kiesel. Granulate. Glassteine. Kieselsteine. Wasserperlen. Glasnuggets. bunt Deko Mosaiksteine. Gerundete Dekorsteine für Vasen und Dekoration,1,amazon.de,Amazon,Mannheim,,68305,,8.97,1.7,0,0,0,0,0,0,0,0,-3.99,0,0,6.68
07.01.2022 16:36:48 UTC,16869869152,Bestellung,028-0394193-4291542,DR-1AOM-SG5K,ARSUK Kiesel. Granulate. Glassteine. Kieselsteine. Wasserperlen. Glasnuggets. bunt Deko Mosaiksteine. Gerundete Dekorsteine für Vasen und Dekoration,1,amazon.de,Amazon,Celle,,29229,MarketplaceFacilitator,8.97,1.7,0,0,0,0,0,0,-1.7,-1.6,-3.99,0,0,3.38
07.01.2022 16:37:11 UTC,16869869152,Bestellung,305-7554258-0633169,EU_3Xpp_0.20g_1000_White_Pellets_Bio,ARSUK Softair kugeln Munition Paintball Hochwertige BB. High Grade 6mm - 0.20g. Gewehr Sniper Waffen Erwachsene Jagdsport Zubehör,1,amazon.de,Amazon,Ebersbach an der Fils,Baden-Württemberg,73061,MarketplaceFacilitator,5.88,1.12,0,0,0,0,0,0,-1.12,-1.05,-2.16,0,0,2.67
07.01.2022 16:38:04 UTC,16869869152,Bestellung,306-8502688-1984309,SML-07x4p_Code:3501-30-Chrome_th_Wall,ARSUK Papierhandtuchhalter. Küchenhalter Rolle Spender Rack Wandmontage passt in einen Schrank oder unter Schrank Metall (Chrom),1,amazon.de,Amazon,Falkensee,,14612,MarketplaceFacilitator,5.03,0.96,0,0,0,0,0,0,-0.96,-0.9,-1.32,0,0,2.81
07.01.2022 16:40:21 UTC,16869869152,Bestellung,305-9316568-9320325,FBA_Cxpp_0.20g-2K-Bio-Pellets-WHT,ARSUK Softair Kugeln Munition Paintball Hochwertige BB. High Grade 6mm - 0.20g. Gewehr Sniper Waffen Erwachsene Jagdsport Zubehör,2,amazon.de,Amazon,Fichtenberg,,74427,MarketplaceFacilitator,18.48,3.52,0,0,0,0,0,0,-3.52,-3.3,-5.04,0,0,10.14
07.01.2022 16:40:34 UTC,16869869152,Bestellung,302-4448684-4924331,FBA_27W_naturalbulb_packof1_Expp,ARSUK Leuchtstoffröhre. 27 W,1,amazon.de,Amazon,Bendorf,,56170,MarketplaceFacilitator,8.82,1.67,0,0,0,0,0,0,-1.67,-1.57,-2.66,0,0,4.59
07.01.2022 16:41:46 UTC,16869869152,Servicegebühr,,,Werbekosten,,,,,,,,0,0,0,0,0,0,0,0,0,0,0,-507.8,0,-507.8
07.01.2022 16:50:41 UTC,16869869152,Bestellung,306-4680946-5341106,FBA_27W_Replacement_Bulb_Expp,ARSUK Leuchtstoffröhre 27 W. Ersatz für natürliches Tageslicht / Sonneneinstrahlung. FML-Lampe. ideal für BB-DL210 [Energieklasse A+++] (27W Ersat,2,amazon.de,Amazon,BEILER,,9944,MarketplaceFacilitator,25.2,4.28,0,0,0,0,0,0,-4.28,-4.42,-5.32,0,0,15.46
07.01.2022 17:51:19 UTC,16869869152,Bestellung,305-6429139-9116328,FBA_Spraying_Mop_Purple_600ml_a2xpp,Spritzen Wischmopp für Laminat Und Fliesen. Marmor. Holz. Bodenstehend. Active Sprühflasche Fegen (Lila Wischmopp 600ml),1,amazon.de,Amazon,Wolfsberg,Kärnten,9431,MarketplaceFacilitator,15.96,3.19,0,0,0,0,0,0,-3.19,-2.87,-3.99,0,0,9.1
07.01.2022 18:12:45 UTC,16869869152,Erstattung,305-5545765-4395539,FBA_1X_27W Replacement Bulb-8X99,ARSUK Ersatz-Leuchtmittel für Tageslicht-Leselampen. 27 W. 4-polig. GX10Q-4. Vierfachröhre (6500 K),1,amazon.de,Amazon,Linnich,Nordrhein-Westfalen,52441,MarketplaceFacilitator,-10.63,-2.02,-1.12,-0.21,0,0,1.12,0.21,2.02,1.52,0,0,0,-9.11
07.01.2022 18:28:25 UTC,16869869152,Erstattung,028-5773039-7180314,DR-1AOM-SG5K,ARSUK Kiesel. Granulate. Glassteine. Kieselsteine. Wasserperlen. Glasnuggets. bunt Deko Mosaiksteine. Gerundete Dekorsteine für Vasen und Dekoration,1,amazon.de,Amazon,ackendorf,,39343,MarketplaceFacilitator,-8.97,-1.7,0,0,0,0,0,0,1.7,1.28,0,0,0,-7.69
07.01.2022 18:29:55 UTC,16869869152,Erstattung,306-5001649-6962769,P-EU_Silicon_ClipOn_Tray,ARSUK Vorratsbehälter 9 Stück x 75ml zum Einfrieren von Babybrei mit Silikondeckel. BPA-Frei,1,amazon.de,Amazon,Babenhausen,Bayern,87727,MarketplaceFacilitator,-7.26,-1.38,0,0,0,0,0,0,1.38,0.55,0,0,0,-6.71
07.01.2022 18:46:56 UTC,16869869152,Bestellung,028-2241122-2181131,EU_neck&Desk_MAGNIFIER-MG11B-1,ARSUK Vergrößerungsglas. Leselupen. LED Licht Beleuchtete Lupe Lesehilfen & Vergrößerung (Hals und Schreibtischlupe),1,amazon.de,Amazon,Büsum,,25761,MarketplaceFacilitator,11.34,2.15,0,0,0,0,0,0,-2.15,-2.02,-2.01,0,0,7.31
07.01.2022 19:01:59 UTC,16869869152,Erstattung,303-5125508-1731524,FBA_1X_27W Replacement Bulb-8X99,ARSUK Ersatz-Leuchtmittel für Tageslicht-Leselampen. 27 W. 4-polig. GX10Q-4. Vierfachröhre (6500 K),1,amazon.de,Amazon,Nuernberg,Bayern,90427,MarketplaceFacilitator,-10.63,-2.02,0,0,0,0,0,0,2.02,1.52,0,0,0,-9.11
07.01.2022 19:02:33 UTC,16869869152,Bestellung,302-2851132-8589968,FBA_Red_Apple_Peeler_New,ARSUK Apfelschäler Kartoffel Obstschneider. Apfelentkerner. Schälmaschine Kartoffelschäler und Spiralisierer. Gemüseschäler für die Küche. Einf,1,amazon.de,Amazon,Filderstadt,Baden-Württemberg,70794,MarketplaceFacilitator,10.92,2.07,0,0,0,0,0,0,-2.07,-1.95,-3.38,0,0,5.59
07.01.2022 19:23:21 UTC,16869869152,Bestellung,305-1985078-8800350,FBA_27W_Replacement_Bulb_Expp,ARSUK Leuchtstoffröhre 27 W. Ersatz für natürliches Tageslicht / Sonneneinstrahlung. FML-Lampe. ideal für BB-DL210 [Energieklasse A+++] (27W Ersat,1,amazon.de,Amazon,Göppingen,Baden-Württemberg,73035,MarketplaceFacilitator,12.6,2.39,0,0,0,0,0,0,-2.39,-2.25,-2.66,0,0,7.69
07.01.2022 19:49:45 UTC,16869869152,Bestellung,028-3776940-7666747,FBA_27W_naturalbulb_packof1_Expp,ARSUK Leuchtstoffröhre. 27 W,1,amazon.de,Amazon,Bremerhaven,,27578,MarketplaceFacilitator,8.82,1.67,3.35,0.64,0,0,0,0,-2.31,-1.57,-5.93,0,0,4.67
07.01.2022 19:55:01 UTC,16869869152,Erstattung,303-5374683-2897930,Mope-Handle-Lemon,ARSUK Wischmop mit Griff wischmop ersatzkopf Zusammenklappbar mit 2 Ersatz-Mikrofaser Wischmop -Zitrone,1,amazon.de,Amazon,Seeheim-jugenheim,Hessen,64342,MarketplaceFacilitator,-14.03,-2.66,0,0,0,0,0,0,2.66,2,0,0,0,-12.03
07.01.2022 19:55:29 UTC,16869869152,Bestellung,302-7457268-0945969,Fba_Chitsmastree_bag_Fx4p,ARSUK Aufbewahrungstasche für Weihnachtsbaum. Transporthülle. Schutzhülle. Tragtasche. Aufbewahrungsbeutel. Christmas Tree Storage Bag Geeignet fü,1,amazon.de,Amazon,Hamburg,,22179,MarketplaceFacilitator,10.08,1.91,0,0,0,0,0,0,-1.91,-1.8,-2.95,0,0,5.33
07.01.2022 20:14:42 UTC,16869869152,Erstattung,302-4236246-7237156,FBA_27W_Replacement_Bulb_Expp,ARSUK Leuchtstoffröhre 27 W. Ersatz für natürliches Tageslicht / Sonneneinstrahlung. FML-Lampe. ideal für BB-DL210 [Energieklasse A+++] (27W Ersat,1,amazon.de,Amazon,Gutach i.Brsg.,,79261,MarketplaceFacilitator,-12.6,-2.39,0,0,0,0,0,0,2.39,1.8,0,0,0,-10.8
07.01.2022 21:10:36 UTC,16869869152,Erstattung,303-7185189-1896366,FBA_27W_Replacement_Bulb_Expp,ARSUK Leuchtstoffröhre 27 W. Ersatz für natürliches Tageslicht / Sonneneinstrahlung. FML-Lampe. ideal für BB-DL210 [Energieklasse A+++] (27W Ersat,1,amazon.de,Amazon,Bad Königshofen,Bayern,97631,MarketplaceFacilitator,-12.6,-2.39,-3.35,-0.64,0,0,0,0,3.03,1.8,3.27,0,0,-10.88
07.01.2022 21:12:06 UTC,16869869152,Bestellung,028-5878615-6063562,A_FBA_16gm_Capsule_10_Pack,ARSUK 16g CO2 Patronen Gewinde Gas Kapsel Schnell Luft Nachfüllung Zum Fahrrad Auto Fahrzeuge Schrader Aufblasgerät Fahrrad Reifen Pumpe Fett Straß,1,amazon.de,Amazon,Wuppertal,,42275,MarketplaceFacilitator,13.28,2.52,0,0,0,0,0,0,-2.52,-1.26,-2.62,0,0,9.4
07.01.2022 21:30:34 UTC,16869869152,Bestellung,305-7667099-1688301,EU_neck&Desk_MAGNIFIER-MG11B-1,ARSUK Vergrößerungsglas. Leselupen. LED Licht Beleuchtete Lupe Lesehilfen & Vergrößerung (Hals und Schreibtischlupe),1,amazon.de,Amazon,Krefeld,Nordrhein-Westfalen,47804,MarketplaceFacilitator,11.34,2.15,1.92,0.36,0,0,0,0,-2.51,-2.02,-3.86,0,0,7.38
07.01.2022 21:31:16 UTC,16869869152,Bestellung,028-5084020-6053957,FBA_Dxpp_100psc_ColourMarbles,ARSUK Glasmurmeln. Spielzeug. Deko Kugeln Durchsichtig Klare Glasmurmeln. Dekoration Glaskügelchen bunt,1,amazon.de,Amazon,Borchen,,33178,MarketplaceFacilitator,7.76,1.47,0,0,0,0,0,0,-1.47,-1.38,-2.52,0,0,3.86
07.01.2022 21:36:22 UTC,16869869152,Bestellung,302-9525548-7027509,FBA_A2xpp_0.20g-5000-tub-White,ARSUK Softair Kugeln Munition Paintball Hochwertige BB. High Grade 6mm - 0.20g. Gewehr Sniper Waffen Erwachsene Jagdsport Zubehör,1,amazon.de,Amazon,Epfach,,86920,MarketplaceFacilitator,13.45,2.55,4.19,0.8,0,0,0,0,-3.35,-2.4,-8.18,0,0,7.06
07.01.2022 22:22:37 UTC,16869869152,Bestellung,304-0934554-0619558,EU_neck&Desk_MAGNIFIER-MG11B-1,ARSUK Vergrößerungsglas. Leselupen. LED Licht Beleuchtete Lupe Lesehilfen & Vergrößerung (Hals und Schreibtischlupe),1,amazon.de,Amazon,Templin,Brandenburg,17268,MarketplaceFacilitator,11.34,2.15,0,0,0,0,0,0,-2.15,-2.02,-2.01,0,0,7.31
07.01.2022 22:43:39 UTC,16869869152,,a896767d-5a2b-41fe-a62a-e5ed95c006f7,,Sparen Sie 5 % auf Schreibtischlampe mit kabellosem Ladegerät,1,Amazon.de,,,,,,0,0,0,0,0,0,0,0,0,0,0,-0.5,0,-0.5
07.01.2022 22:52:51 UTC,16869869152,Erstattung,306-7010960-8116343,FBA_B-78810-1_Food Containers_7pcs,ARSUK Frischhaltedosen-Set Luftdicht. 7-teiliges. Lebensmittelbehälter Auslaufsichere aus BPA-freiem Plastik,1,amazon.de,Amazon,Düsseldorf,,40233,MarketplaceFacilitator,-10.08,-1.91,0,0,0,0,0,0,1.91,1.44,0,0,0,-8.64
07.01.2022 23:05:40 UTC,16869869152,Bestellung,306-8652329-8509938,FBA_8xc9_0.20g-2K-Pellets-BLACK,ARSUK Softair Kugeln Munition Paintball Hochwertige BB. High Grade 6mm - 0.20g. Gewehr Sniper Waffen Erwachsene Jagdsport Zubehör,1,amazon.de,Amazon,Stegen,Deutschland,79252,MarketplaceFacilitator,9.24,1.76,0,0,0,0,0,0,-1.76,-1.65,-2.52,0,0,5.07
07.01.2022 23:45:06 UTC,16869869152,Bestellung,305-2204489-2509941,FBA_5xpp_Blue-200PCS _(1KG),ARSUK Kiesel. gerundete Dekorsteine. für Vasen und Dekoration. Marbles. Glasmurmeln. Wohnaccessoires & Dekoartikel 200pcs (1kg) (Blau),1,amazon.de,Amazon,Traiskirchen,,2514,MarketplaceFacilitator,8.6,1.72,0,0,0,0,0,0,-1.72,-1.55,-3.99,0,0,3.06
08.01.2022 01:06:25 UTC,16869869152,Bestellung,304-6021705-8645955,FBA_Cxpp_0.20g-2K-Bio-Pellets-WHT,ARSUK Softair Kugeln Munition Paintball Hochwertige BB. High Grade 6mm - 0.20g. Gewehr Sniper Waffen Erwachsene Jagdsport Zubehör,1,amazon.de,Amazon,Friedewald,Hessen,36289,MarketplaceFacilitator,9.24,1.76,0,0,0,0,0,0,-1.76,-1.65,-2.52,0,0,5.07
08.01.2022 01:13:09 UTC,16869869152,Bestellung,306-2796249-6642755,FBA_Cxpp_0.20g-2K-Bio-Pellets-WHT,ARSUK Softair Kugeln Munition Paintball Hochwertige BB. High Grade 6mm - 0.20g. Gewehr Sniper Waffen Erwachsene Jagdsport Zubehör,1,amazon.de,Amazon,Mettmann,Nordrhein-Westfalen,40822,MarketplaceFacilitator,9.24,1.76,0,0,0,0,0,0,-1.76,-1.65,-2.52,0,0,5.07
08.01.2022 01:35:36 UTC,16869869152,Bestellung,306-8509775-7114711,FBA_Cxpp_0.20g-2K-Bio-Pellets-WHT,ARSUK Softair Kugeln Munition Paintball Hochwertige BB. High Grade 6mm - 0.20g. Gewehr Sniper Waffen Erwachsene Jagdsport Zubehör,1,amazon.de,Amazon,Wolfenbüttel,,38300,MarketplaceFacilitator,9.24,1.76,2.1,0.4,0,0,0,0,-2.16,-1.65,-4.62,0,0,5.07
08.01.2022 01:49:18 UTC,16869869152,Bestellung,303-9859113-9811561,FBA_9xPP_0.20G-10000-BB_Pellets_White,ARSUK Airsoft BB Pellets Bälle Hochwertiger Paintball Hochleistungs und glatt poliert - 6 mm. 0.20 g. 10000 Runden,1,amazon.de,Amazon,Wien,,1220,MarketplaceFacilitator,20.17,4.03,0,0,0,0,0,0,-4.03,-3.63,-4.77,0,0,11.77
08.01.2022 02:05:30 UTC,16869869152,Bestellung,304-6692949-6229104,DR-1AOM-SG5K,ARSUK Kiesel. Granulate. Glassteine. Kieselsteine. Wasserperlen. Glasnuggets. bunt Deko Mosaiksteine. Gerundete Dekorsteine für Vasen und Dekoration,1,amazon.de,Amazon,Leipzig,,4103,MarketplaceFacilitator,8.97,1.7,0,0,0,0,0,0,-1.7,-1.6,-3.99,0,0,3.38
08.01.2022 02:45:18 UTC,16869869152,Bestellung,304-1107233-0062713,Fba_Chitsmastree_bag_Fx4p,ARSUK Aufbewahrungstasche für Weihnachtsbaum. Transporthülle. Schutzhülle. Tragtasche. Aufbewahrungsbeutel. Christmas Tree Storage Bag Geeignet fü,1,amazon.de,Amazon,Kleinmachnow,,14532,MarketplaceFacilitator,10.16,1.93,0,0,0,0,0,0,-1.93,-1.81,-2.95,0,0,5.4
08.01.2022 02:45:25 UTC,16869869152,Bestellung,305-0856123-9467544,FBA-DxD9_Small-120ml_Containers(16pc),ARSUK 16 Stück Essen Aufbewahrungsbox Crispr 120 ml Mini Mikrowelle für Baby Kinder Kleinkind BPA-Frei,1,amazon.de,Amazon,Rain,,86641,MarketplaceFacilitator,13.02,2.47,0.67,0.13,0,0,-0.67,-0.13,-2.47,-2.32,-2.95,0,0,7.75
08.01.2022 02:46:29 UTC,16869869152,Bestellung,303-7496783-0578721,FBA_1X_27W Replacement Bulb-8X99,ARSUK Ersatz-Leuchtmittel für Tageslicht-Leselampen. 27 W. 4-polig. GX10Q-4. Vierfachröhre (6500 K),1,amazon.de,Amazon,Tostedt,Niedersachsen,21255,MarketplaceFacilitator,10.63,2.02,3.35,0.64,0,0,0,0,-2.66,-1.9,-5.96,0,0,6.12
08.01.2022 02:49:16 UTC,16869869152,Bestellung,305-0301451-8497977,FBA_27W_Replacement_Bulb_Expp,ARSUK Leuchtstoffröhre 27 W. Ersatz für natürliches Tageslicht / Sonneneinstrahlung. FML-Lampe. ideal für BB-DL210 [Energieklasse A+++] (27W Ersat,1,amazon.de,Amazon,Dreieich,Hessen,63303,MarketplaceFacilitator,12.6,2.39,0,0,0,0,0,0,-2.39,-2.25,-2.66,0,0,7.69
08.01.2022 02:50:12 UTC,16869869152,Bestellung,302-4161205-9820327,FBA_27W_Replacement_Bulb_Expp,ARSUK Leuchtstoffröhre 27 W. Ersatz für natürliches Tageslicht / Sonneneinstrahlung. FML-Lampe. ideal für BB-DL210 [Energieklasse A+++] (27W Ersat,1,amazon.de,Amazon,Schönberg,Mecklenburg-Vorpommern,23923,,12.52,0,0,0,0,0,0,0,0,-1.88,-2.66,0,0,7.98
08.01.2022 02:53:06 UTC,16869869152,Bestellung,305-0153931-5841173,EU_Speed_Loader_90_rounds_BLK_Cxpp,ARSUK Airsoft BB Geschwindigkeit Lader 90 Runden Hoch Wird geladen Werkzeuge Zum 6mm BB Pellets. Airsoft BBs Gun. Pistole. und Zeitschrift,1,amazon.de,Amazon,Merchweiler,Saarland,66589,MarketplaceFacilitator,6.72,1.28,0,0,0,0,0,0,-1.28,-1.2,-1.88,0,0,3.64
08.01.2022 03:04:23 UTC,16869869152,Bestellung,305-0099967-1421964,FBA_27W_naturalbulb_packof1_Expp,ARSUK Leuchtstoffröhre. 27 W,1,amazon.de,Amazon,Falkensee,Brandenburg,14612,MarketplaceFacilitator,8.82,1.67,3.35,0.64,0,0,0,0,-2.31,-1.57,-5.96,0,0,4.64
08.01.2022 03:05:19 UTC,16869869152,Bestellung,304-1890775-4103569,FBA_1X_27W Replacement Bulb-8X99,ARSUK Ersatz-Leuchtmittel für Tageslicht-Leselampen. 27 W. 4-polig. GX10Q-4. Vierfachröhre (6500 K),1,amazon.de,Amazon,Griesingen,Baden-Württemberg,89608,MarketplaceFacilitator,10.63,2.02,0,0,0,0,0,0,-2.02,-1.9,-2.66,0,0,6.07
08.01.2022 03:07:47 UTC,16869869152,Bestellung,303-4115943-4345934,FBA_27W_Replacement_Bulb_Expp,ARSUK Leuchtstoffröhre 27 W. Ersatz für natürliches Tageslicht / Sonneneinstrahlung. FML-Lampe. ideal für BB-DL210 [Energieklasse A+++] (27W Ersat,1,amazon.de,Amazon,Hartheim am Rhein,,79258,MarketplaceFacilitator,12.6,2.39,0,0,0,0,0,0,-2.39,-2.25,-2.66,0,0,7.69
08.01.2022 03:13:28 UTC,16869869152,Bestellung,303-0075335-1890752,S&L_Code:3501-30-Steel_TH_Wall,ARSUK Küchenrollenhalter Küchenrollen Küchenpapier schwenkbarer Papierrollenhalter wandmontierter Papierrollenhalter Edelstahl (Steel Polish),1,amazon.de,Amazon,Essen,Nordrhein-Westfalen,45149,MarketplaceFacilitator,5.29,1,0,0,0,0,0,0,-1,-0.94,-1.95,0,0,2.4
08.01.2022 04:47:10 UTC,16869869152,Bestellung,303-1925420-7185102,FBA_ARS_Code:31666_Can_Snuffer_Set,ARSUK Candle Snuffer Set Feuerlöscher aus massivem Messing Nickel Holz Kerzenabdeckung Werkzeug zum sicheren Löschen (Messing_Snuffer_Set_3 STK),1,amazon.de,Amazon,Bascharage,Luxemburg,4942,MarketplaceFacilitator,12.76,2.17,0,0,0,0,0,0,-2.17,-2.24,-2.52,0,0,8
08.01.2022 04:55:39 UTC,16869869152,Bestellung,028-4344502-5776316,FBA_A2xpp_0.20g-5000-tub-White,ARSUK Softair Kugeln Munition Paintball Hochwertige BB. High Grade 6mm - 0.20g. Gewehr Sniper Waffen Erwachsene Jagdsport Zubehör,1,amazon.de,Amazon,Stendal/OT Dahlen,Sachsen-Anhalt,39576,MarketplaceFacilitator,13.45,2.55,0,0,0,0,0,0,-2.55,-2.4,-3.99,0,0,7.06
08.01.2022 08:41:33 UTC,16869869152,Bestellung,304-5125100-4745929,FBA_Green_SprayingMop_600ml_A2xpp,ARSUK Sprühen Mopp Wasser Sprühen Bodenreiniger Fliesen Marmor Küche 600 ml Micro Fibre (Grün Spray Mop 600ml),1,amazon.de,Amazon,Linz,,4020,MarketplaceFacilitator,14.95,2.99,0,0,0,0,0,0,-5.98,-5.38,-3.99,0,0,2.59
08.01.2022 08:41:33 UTC,16869869152,Bestellung,304-5125100-4745929,FBA_Green_SprayingMop_600ml_A2xpp,ARSUK Sprühen Mopp Wasser Sprühen Bodenreiniger Fliesen Marmor Küche 600 ml Micro Fibre (Grün Spray Mop 600ml),1,amazon.de,Amazon,Linz,,4020,,14.95,2.99,0,0,0,0,0,0,0,0,-3.99,0,0,13.95
08.01.2022 09:41:25 UTC,16869869152,Anpassung,303-8009300-1627536,FBA_4PP_10pc_Glow_inthedark_Marbles,Versand durch Amazon Erstattung für Lagerbestand - Kundenrücksendung,1,,,,,,,0,0,0,0,0,0,0,0,0,0,0,0,7.21,7.21
08.01.2022 12:03:31 UTC,16869869152,Bestellung,302-2654965-6947532,FBA_greenApple_peeler_Hx99,ARSUK Apfelschäler Kartoffel Obstschneider. Apfelentkerner. Schälmaschine Kartoffelschäler und Spiralisierer. Gemüseschäler für die Küche. Einf,1,amazon.de,Amazon,Aßling,,85617,MarketplaceFacilitator,11.59,2.2,0,0,0,0,0,0,-2.2,-2.07,-3.38,0,0,6.14
08.01.2022 12:16:36 UTC,16869869152,Erstattung,028-9923589-3239510,FBA_12inch_guncase_Black_9xPP_EBA,ARSUK Black Hard BB Airsoft Pistole Fall Cartridge Bag Slip Gute Qualität 12 Zoll (31 cm),1,amazon.de,Amazon,Mannheim,,68167,MarketplaceFacilitator,-16.81,-3.19,0,0,0,0,0,0,3.19,2.4,0,0,0,-14.41
08.01.2022 12:44:18 UTC,16869869152,Bestellung,304-8483816-8275513,A_FBA_Spinning_Shooting_Target,ARSUK Airsoft Pellet Spinnen Ziel Selbst Zurücksetzen Schwingen Ziel Metall Zum Luftgewehr. Gewehr. und Pistole Indoor Draussen Schießen Üben,1,amazon.de,Amazon,Dortmund,,44379,MarketplaceFacilitator,15.97,3.03,0,0,0,0,0,0,-3.03,-2.85,-2.52,0,0,10.6
08.01.2022 13:37:05 UTC,16869869152,Bestellung,303-7289163-0970769,FBA_27W_Replacement_Bulb_Expp,ARSUK Leuchtstoffröhre 27 W. Ersatz für natürliches Tageslicht / Sonneneinstrahlung. FML-Lampe. ideal für BB-DL210 [Energieklasse A+++] (27W Ersat,1,amazon.de,Amazon,Hofheim,,65719,MarketplaceFacilitator,12.6,2.39,3.35,0.64,0,0,0,0,-3.03,-2.25,-5.96,0,0,7.74
08.01.2022 13:47:02 UTC,16869869152,Erstattung,306-6865462-7703541,5xpp_code:31665_Snuffer-,ARSUK Candle Snuffer Set Feuerlöscher aus massivem Messing Nickel Holz Kerzenabdeckung Werkzeug zum sicheren Löschen (Messing-Elegant),1,amazon.de,Amazon,München,Bayern,81679,MarketplaceFacilitator,-13.1,-2.49,0,0,0,0,0,0,2.49,1.87,0,0,0,-11.23
08.01.2022 14:07:31 UTC,16869869152,Bestellung,306-7940684-5873142,FBA_A2xpp_0.20g-5000-tub-White,ARSUK Softair Kugeln Munition Paintball Hochwertige BB. High Grade 6mm - 0.20g. Gewehr Sniper Waffen Erwachsene Jagdsport Zubehör,1,amazon.de,Amazon,Schwaikheim,,71409,MarketplaceFacilitator,13.45,2.55,0,0,0,0,0,0,-2.55,-2.4,-3.99,0,0,7.06
08.01.2022 14:58:46 UTC,16869869152,Bestellung,305-0558494-6475562,FBA_27W_Replacement_Bulb_Expp,ARSUK Leuchtstoffröhre 27 W. Ersatz für natürliches Tageslicht / Sonneneinstrahlung. FML-Lampe. ideal für BB-DL210 [Energieklasse A+++] (27W Ersat,1,amazon.de,Amazon,Erding,,85435,MarketplaceFacilitator,12.6,2.39,3.35,0.64,0,0,0,0,-3.03,-2.25,-5.96,0,0,7.74
08.01.2022 15:01:31 UTC,16869869152,Versand durch Amazon Lagergebühr,,,Versand durch Amazon Lagergebühr,,Amazon.de,,,,,,0,0,0,0,0,0,0,0,0,0,0,0,-190.05,-190.05
08.01.2022 15:12:16 UTC,16869869152,Bestellung,306-2011812-8320317,FBA_4PP_10pc_Glow_inthedark_Marbles,ARSUK 10pcs Large Handmade Flowerish Style Glow in The Dark Punktierte Glasmurmeln. Schutz vor Beschädigungen. Sportspielzeug & Outdoor (10 Stück im,1,amazon.de,Amazon,Benediktbeuern,,83671,MarketplaceFacilitator,11.84,2.25,0,0,0,0,0,0,-2.25,-2.11,-2.52,0,0,7.21
08.01.2022 16:34:10 UTC,16869869152,Erstattung,306-2581443-7474744,FBA_1X_27W Replacement Bulb-8X99,ARSUK Ersatz-Leuchtmittel für Tageslicht-Leselampen. 27 W. 4-polig. GX10Q-4. Vierfachröhre (6500 K),1,amazon.de,Amazon,Iserlohn,Nordrhein-Westfalen,58636,MarketplaceFacilitator,-10.63,-2.02,0,0,0,0,0,0,2.02,1.52,0,0,0,-9.11
08.01.2022 16:59:45 UTC,16869869152,Bestellung,306-5729442-0801101,FBA_Green_SprayingMop_600ml_A2xpp,ARSUK Sprühen Mopp Wasser Sprühen Bodenreiniger Fliesen Marmor Küche 600 ml Micro Fibre (Grün Spray Mop 600ml),1,amazon.de,Amazon,Kuenzell,,36093,MarketplaceFacilitator,14.95,2.84,0,0,0,0,0,0,-2.84,-2.67,-3.99,0,0,8.29
08.01.2022 17:13:42 UTC,16869869152,Erstattung,028-2083823-3541928,DxPP_Milky_White_marble_200pc,ARSUK Cat's Eye Farbiger Glasmarmor läuft. kommt in Einer Tasche. Schutz vor Beschädigung. Sportspielzeug & Outdoor-Spiele (200 Stück milchiger Mar,1,amazon.de,Amazon,Althofen,Kärnten,9330,MarketplaceFacilitator,-7.81,-1.56,0,0,0,0,0,0,1.56,1.13,0,0,0,-6.68
08.01.2022 17:31:51 UTC,16869869152,Bestellung,303-7391746-5909142,PAN_EU_1197_Stork_Black&White,ARSUK 10.5 cm Mehrzweck-Stickschere. Handarbeitsschere. Kreuzstich Kleine Fancy Pink & Orange Handarbeiten (Storch Schwarz & Weiß Schere),1,amazon.de,Amazon,Sattledt,,4642,MarketplaceFacilitator,5.03,1.01,1.67,0.33,0,0,-1.67,-0.33,-1.01,-0.48,-1.73,0,0,2.82
08.01.2022 18:05:50 UTC,16869869152,Bestellung,302-1064159-3297935,Fba_Chitsmastree_bag_Fx4p,ARSUK Aufbewahrungstasche für Weihnachtsbaum. Transporthülle. Schutzhülle. Tragtasche. Aufbewahrungsbeutel. Christmas Tree Storage Bag Geeignet fü,1,amazon.de,Amazon,karlsruhe,,76131,MarketplaceFacilitator,10.08,1.92,0,0,0,0,0,0,-1.92,-1.8,-2.95,0,0,5.33
08.01.2022 18:06:08 UTC,16869869152,Bestellung,305-9841392-7886713,FBA_27W_naturalbulb_packof1_Expp,ARSUK Leuchtstoffröhre. 27 W,1,amazon.de,Amazon,Garching b. München,Bayern,85748,MarketplaceFacilitator,8.82,1.67,0,0,0,0,0,0,-1.67,-1.57,-2.66,0,0,4.59
08.01.2022 18:16:33 UTC,16869869152,Erstattung,028-2083823-3541928,7xPP_Coloured_Marbel_200pc,ARSUK Cat's Eye Farbiger Glasmarmor läuft. kommt in Einer Tasche. Schutz vor Beschädigung. Sportspielzeug & Outdoor-Spiele (200 Stück Farbe Marmor),1,amazon.de,Amazon,Althofen,Kärnten,9330,MarketplaceFacilitator,-11.15,-2.23,0,0,0,0,0,0,2.23,1.61,0,0,0,-9.54
08.01.2022 18:35:50 UTC,16869869152,Bestellung,028-8580854-5228351,A_FBA_16gm_Capsule_10_Pack,ARSUK 16g CO2 Patronen Gewinde Gas Kapsel Schnell Luft Nachfüllung Zum Fahrrad Auto Fahrzeuge Schrader Aufblasgerät Fahrrad Reifen Pumpe Fett Straß,1,amazon.de,Amazon,Peterskirchen,,4743,MarketplaceFacilitator,13.28,2.66,0,0,0,0,0,0,-2.66,-1.28,-2.62,0,0,9.38
08.01.2022 18:41:03 UTC,16869869152,Bestellung,028-3930907-9492332,A_FBA_Penguin_Go_Racer_Toy,ARSUK - Pinguin Rutsche Mit Musik (Pinguin),1,amazon.de,Amazon,Viersen,,41751,MarketplaceFacilitator,16.8,3.19,0,0,0,0,0,0,-3.19,-3,-3.38,0,0,10.42
08.01.2022 18:48:30 UTC,16869869152,Erstattung,305-7403823-9258716,A_FBA_Spinning_Shooting_Target,ARSUK Airsoft Pellet Spinnen Ziel Selbst Zurücksetzen Schwingen Ziel Metall Zum Luftgewehr. Gewehr. und Pistole Indoor Draussen Schießen Üben,1,amazon.de,Amazon,Niddatal,,61194,MarketplaceFacilitator,-15.97,-3.03,-1.68,-0.32,0,0,1.68,0.32,3.03,2.28,0,0,0,-13.69
08.01.2022 18:50:49 UTC,16869869152,Bestellung,306-8401915-6173903,FBA_27W_Replacement_Bulb_Expp,ARSUK Leuchtstoffröhre 27 W. Ersatz für natürliches Tageslicht / Sonneneinstrahlung. FML-Lampe. ideal für BB-DL210 [Energieklasse A+++] (27W Ersat,1,amazon.de,Amazon,Bad Wörishofen,,86825,MarketplaceFacilitator,12.6,2.39,0,0,0,0,0,0,-2.39,-2.25,-2.66,0,0,7.69
08.01.2022 19:13:11 UTC,16869869152,Erstattung,304-8791744-6842745,FBA_Dxpp_100psc_ColourMarbles,ARSUK Glasmurmeln. Spielzeug. Deko Kugeln Durchsichtig Klare Glasmurmeln. Dekoration Glaskügelchen bunt,1,amazon.de,Amazon,Bad Hersfeld,Hessen,36251,MarketplaceFacilitator,-7.76,-1.47,0,0,0,0,0,0,1.47,1.1,0,0,0,-6.66
08.01.2022 19:57:55 UTC,16869869152,Bestellung,306-8790322-5730725,FBA_1X_27W Replacement Bulb-8X99,ARSUK Ersatz-Leuchtmittel für Tageslicht-Leselampen. 27 W. 4-polig. GX10Q-4. Vierfachröhre (6500 K),1,amazon.de,Amazon,Künzell,Hessen,36093,MarketplaceFacilitator,10.63,2.02,0,0,0,0,0,0,-2.02,-1.9,-2.66,0,0,6.07
08.01.2022 20:57:41 UTC,16869869152,Bestellung,303-3485851-3115548,FBA_A2xpp_0.20g-5000-tub-White,ARSUK Softair Kugeln Munition Paintball Hochwertige BB. High Grade 6mm - 0.20g. Gewehr Sniper Waffen Erwachsene Jagdsport Zubehör,1,amazon.de,Amazon,Berlin,,14050,MarketplaceFacilitator,13.45,2.55,0,0,0,0,0,0,-2.55,-2.4,-3.99,0,0,7.06
08.01.2022 21:21:45 UTC,16869869152,Bestellung,302-3800092-1937117,EU_neck&Desk_MAGNIFIER-MG11B-1,ARSUK Vergrößerungsglas. Leselupen. LED Licht Beleuchtete Lupe Lesehilfen & Vergrößerung (Hals und Schreibtischlupe),2,amazon.de,Amazon,Rüdersdorf,,15562,MarketplaceFacilitator,22.68,4.3,0,0,0,0,0,0,-4.3,-4.04,-4.02,0,0,14.62
08.01.2022 21:23:01 UTC,16869869152,Bestellung,028-8845484-9023544,FBA_27W_naturalbulb_packof1_Expp,ARSUK Leuchtstoffröhre. 27 W,1,amazon.de,Amazon,Berlin,,14193,MarketplaceFacilitator,8.82,1.67,3.35,0.64,0,0,0,0,-2.31,-1.57,-5.93,0,0,4.67
08.01.2022 21:42:19 UTC,16869869152,Bestellung,302-8477718-0690725,FBA_TL-Th_holder_Code_Tol-06-Black,ARSUK Toilettenpapierhalter mit Handyregal. Wand-Seidenpapierspender für die Küche im Badezimmer. Klebstoff- und Schraubenmontage (Schwarz),1,amazon.de,Amazon,Villmar,,65606,MarketplaceFacilitator,11.5,2.19,0,0,0,0,0,0,-2.19,-1.78,-3.38,0,0,6.34
08.01.2022 21:43:07 UTC,16869869152,Bestellung,306-6305156-8330755,P-EU_Silicon_ClipOn_Tray,ARSUK Vorratsbehälter 9 Stück x 75ml zum Einfrieren von Babybrei mit Silikondeckel. BPA-Frei,1,amazon.de,Amazon,Hamburg,,22457,MarketplaceFacilitator,7.55,1.44,0,0,0,0,0,0,-1.44,-0.72,-2.95,0,0,3.88
08.01.2022 21:47:39 UTC,16869869152,Bestellung,303-2634587-7274739,EU_Speed_Loader_90_rounds_BLK_Cxpp,ARSUK Airsoft BB Geschwindigkeit Lader 90 Runden Hoch Wird geladen Werkzeuge Zum 6mm BB Pellets. Airsoft BBs Gun. Pistole. und Zeitschrift,1,amazon.de,Amazon,Vreden,,48691,MarketplaceFacilitator,6.72,1.28,0,0,0,0,0,0,-1.28,-1.2,-1.88,0,0,3.64
08.01.2022 21:47:45 UTC,16869869152,Bestellung,302-6957956-2521156,FBA_4PP_10pc_Glow_inthedark_Marbles,ARSUK 10pcs Large Handmade Flowerish Style Glow in The Dark Punktierte Glasmurmeln. Schutz vor Beschädigungen. Sportspielzeug & Outdoor (10 Stück im,1,amazon.de,Amazon,Bonn,,53127,MarketplaceFacilitator,11.84,2.25,0,0,0,0,0,0,-2.25,-2.11,-2.52,0,0,7.21
08.01.2022 21:52:03 UTC,16869869152,Bestellung,302-7539467-8567500,FBA_1X_27W Replacement Bulb-8X99,ARSUK Ersatz-Leuchtmittel für Tageslicht-Leselampen. 27 W. 4-polig. GX10Q-4. Vierfachröhre (6500 K),1,amazon.de,Amazon,Hahnbach,,92256,MarketplaceFacilitator,10.63,2.02,0,0,0,0,0,0,-2.02,-1.9,-2.66,0,0,6.07
08.01.2022 22:28:37 UTC,16869869152,Bestellung,305-1200771-5374751,FBA_8pcs-plastic-box-Small,ARSUK Mini-Vorratsbehälter 8 Stück - 120ml. Mehrfarbig. Kunststoff. BPA-Frei. 5.7x5.7x3.8cm BPA-Frei,1,amazon.de,Amazon,Weimar,Thüringen,99427,MarketplaceFacilitator,8.82,1.67,0,0,0,0,0,0,-1.67,-1.57,-2.66,0,0,4.59
08.01.2022 22:44:21 UTC,16869869152,Bestellung,303-0383971-8703554,FBA_6xpp_Mixed-200PCS_(1KG),ARSUK Kiesel. Granulate. Glassteine. Kieselsteine. Wasserperlen. Glasnuggets. bunt Deko Mosaiksteine. Gerundete Dekorsteine für Vasen und Dekoration,1,amazon.de,Amazon,Frankfurt,,60435,MarketplaceFacilitator,9.66,1.83,1.67,0.32,0,0,-1.67,-0.32,-1.83,-1.72,-3.99,0,0,3.95
08.01.2022 22:48:08 UTC,16869869152,Bestellung,302-2571954-1902757,EU_Speed_Loader_90_rounds_BLK_Cxpp,ARSUK Airsoft BB Geschwindigkeit Lader 90 Runden Hoch Wird geladen Werkzeuge Zum 6mm BB Pellets. Airsoft BBs Gun. Pistole. und Zeitschrift,1,amazon.de,Amazon,Trier,Rheinland-Pfalz,54292,MarketplaceFacilitator,6.72,1.28,0,0,0,0,0,0,-1.28,-1.2,-1.88,0,0,3.64
