seller,location,sku,fnsku,asin,product-name,condition,your-price,mfn-listing-exists,mfn-fulfillable-quantity,afn-listing-exists,afn-warehouse-quantity,afn-fulfillable-quantity,afn-unsellable-quantity,afn-reserved-quantity,afn-total-quantity,per-unit-volume,afn-inbound-working-quantity,afn-inbound-shipped-quantity,afn-inbound-receiving-quantity,afn-researching-quantity,afn-reserved-future-supply,afn-future-supply-buyable
arsuk,ca,07x4p_Code:3501-30-Black_Matt_TH_Wall,X002PXZJ2F,B07HLQ9MX1,"ARSUK Paper Towel Holder, Kitchen Towel Holder Under Cabinet Wall Mounted, Stainless Steel 12.99 x 0.39 x 4.33 in (Black)",New,13.19,No,,Yes,76,76,0,0,76,576.01,0,0,0,0,0,0
arsuk,ca,08xpp_Code:3501-30-Steel_TH_Wall,X0039I1JXD,B07HLN8FBQ,"ARSUK Paper Towel Holder, Kitchen Towel Holder Under Cabinet Wall Mounted, Stainless Steel 12.99 x 0.39 x 4.33 in (Chrome)",New,14.09,No,,Yes,79,78,0,1,79,611.4,0,0,0,0,0,0
arsuk,ca,5xpp_Code:3013_snuffer-cone,X002B7WXXD,B07H9DJSGC,"ARSUK Wick Trimmer, Candle Snuffer, Wick Dipper for Safe Fire Extinguishing Candle Accessory Set Stainless Steel (Set of 3pcs)",New,23.19,No,,Yes,28,28,0,0,28,1068.44,0,0,0,0,0,0
arsuk,ca,5xpp_code:31665_Snuffer-,X002B7XXJB,B00ZU459BQ,"ARSUK Candle Snuffer, Fire Extinguisher with Long Handle to Safely Extinguish Candles, Stainless Steel 12 x 2in (Brass Handle)",New,14.99,No,,Yes,98,98,0,0,98,844.75,0,0,0,0,0,0
arsuk,ca,5xpp_code:31665_candleSnuffer_Brass,X003BXKYY1,B00OTIJ6RW,ARSUK Candle Snuffer Fire Extinguisher Solid Brass Nickel Wooden Candle Cover Tool to Safely Extinguish Candle Snuffer Candle Accessories (Nickel Handle),New,15,No,,Yes,0,0,0,0,0,99.96,0,0,0,0,0,0
arsuk,ca,A0xpp_Code:3501-30-Brass_TH_Wall,X002RAZ7VT,B07HLSSBHD,"ARSUK Paper Towel Holder, Kitchen Towel Holder Under Cabinet Wall Mounted, Stainless Steel 12.99 x 0.39 x 4.33 in (Brass)",New,13.09,No,,Yes,80,80,0,0,80,606.32,0,0,0,0,0,0
arsuk,ca,A2xpp_code:ARS-GD010_Tool,X002UTIK0H,B07R7LSR9S,"ARSUK Garden Tools Storage Rack, Double Hooks Garage Tool Organizer, Hanger for Broom, Mop, Rake, Shed, Shovel 44 x 13.7 x 8 cm, 1070gm -Black",New,26.99,No,,Yes,17,17,0,0,17,4822.39,0,0,0,0,0,0
arsuk,ca,ARS_FBA_6pcs_Glass_Containers_SQR,X003AJ538N,B09V7VLJRR,"ARSUK Baby Glass Food Storage Containers 6pcs x 150ml Square Airtight BPA-Free Plastic Locking Lids with Silicone Seals for Toddler Foods, Fruit Juices",New,16,No,,Yes,0,0,0,0,0,,0,0,0,0,0,0
arsuk,ca,ARS_FBA_Large_Plastic_Mat_Black_White,X003AKTA9F,B09L1DTSLD,"ARSUK Outdoor Rug, Picnic Beach Blanket Patio Deck Garden Mat Indoor Camping Tent Carpet Plastic Straw Reversible, 210x150cm",New,24.99,No,,Yes,0,0,0,0,0,6850.61,0,0,0,0,0,0
arsuk,ca,ARS_FBA_Large_Plastic_Mat_Blue_Yellow,X003AKRAOH,B09KY75MLZ,"ARSUK Outdoor Rug, Picnic Beach Blanket Patio Deck Garden Mat Indoor Camping Tent Carpet Plastic Straw Reversible, 210x150cm",New,24.99,No,,Yes,0,0,0,0,0,9542.35,0,0,0,0,0,0
arsuk,ca,ARS_FBA_Medium_Plastic_Mat_Black_White,X003AKTALD,B09LD2VJ4B,"ARSUK Outdoor Rug, Picnic Beach Blanket Patio Deck Garden Mat Indoor Camping Tent Carpet Plastic Straw Reversible, 180x120cm",New,18.99,No,,Yes,0,0,0,0,0,6889.61,0,0,0,0,0,0
arsuk,ca,ARS_FBA_Medium_Plastic_Mat_Red_White,X003AL012T,B09LT4V7F6,"ARSUK Outdoor Rug, Picnic Beach Blanket Patio Deck Garden Mat Indoor Camping Tent Carpet Plastic Straw Reversible, 180x120cm",New,18.99,No,,Yes,0,0,0,0,0,6725.41,0,0,0,0,0,0
arsuk,ca,ARS_FBA_small_carpet_mat_Black_White,X003AL00VB,B098T8GL97,"ARSUK Outdoor Rug, Picnic Beach Blanket Patio Deck Garden Mat Indoor Camping Tent Carpet Plastic Straw Reversible, 150x100cm",New,14.99,No,,Yes,0,0,0,0,0,5876.73,0,0,0,0,0,0
arsuk,ca,ARS_FBA_small_carpet_mat_Green_White,X003AKYFMH,B098TDDRJN,"ARSUK Outdoor Rug, Picnic Beach Blanket Patio Deck Garden Mat Indoor Camping Tent Carpet Plastic Straw Reversible, 150x100cm",New,14.99,No,,Yes,0,0,0,0,0,4366.5,0,0,0,0,0,0
arsuk,ca,Apple_peeler_Red_007x99,X0039PNKI3,B00NOT4ZXM,"ARSUK Apple Peeler, Easy Apple Peeling Machine, Apple Corer Remover, Round Shape Fruit Cutter (White)",New,29,No,,Yes,0,0,0,0,0,4518.73,0,0,0,0,0,0
arsuk,ca,Boot-Scraper-2brush-code:18039-BLK,X002B81V49,B07GKZB51X,"ARSUK Cast Iron Boot Scraper - Boot Cleaner with Two Brushes - Boot Scrubber Outdoor - Boot Jack, Remover Puller - Mud Cleaners for Boots",New,43.99,No,,Yes,26,26,0,0,26,9855.84,0,0,0,0,0,0
arsuk,ca,CA-FBA-1302-3-Orange-Tweezers,X003ASJOXT,B0B5DWF1LG,"Eyebrow Tweezers Professional Stainless Steel Precision Hair Slant Fine Tip Pointy Small Light Tweezer for Eyebrows Ingrown Hair Plucking, and Facial Hair Remover Tool for Women and Men",New,6.99,No,,Yes,0,0,0,0,0,,0,0,0,0,0,0
arsuk,ca,Curved_Pointed_Nail_Scissors_1160,X003BXF72F,B01DQCTU9U,ARSUK Nail Scissors Toe Cuticle Cutter Trimmer for Fingernails Men and Women Pedicure Beauty Tools Stainless Steel (Nail Scissors Style 7),New,5,No,,Yes,0,0,0,0,0,66.86,0,0,0,0,0,0
arsuk,ca,CxPP_ARS-198_Cuticle Straight Scissors,X003A8E9E3,B013W28VJ4,"Cuticle Scissor Stainless Steel Exactly Ground-Sharp,Nails,Cuticle Scissors Straight Blades",New,5.99,No,,Yes,0,0,0,0,0,62.27,0,0,0,0,0,0
arsuk,ca,EU_5xpp_SpeedLoader-155_BLK,X002RDKFTP,B00FV012L0,ARSUK Airsoft BB Speed Loader 90 Round High Loading Tools and Airsoft Items for 6mm BB Pellets (Black 155 Round),New,16,No,,Yes,220,212,0,8,220,389.19,0,0,0,0,0,0
arsuk,ca,EU_neck&Desk_MAGNIFIER-MG11B-1,X002NWPEWD,B016WCRUJS,ARSUK Magnifying Glass 2X 6X Hands Free Reading Magnifier with 2 LED Light Neck Hanging Cord & Desk Stand for Crafts Sewing Cross Stitch Hobby Jewelry Repair,New,16.99,No,,Yes,37,35,0,2,577,1178.23,270,0,270,0,0,0
arsuk,ca,FBA-1059-PET-PAW-SCISSORS,X003ADD8J5,B088P5M1MF,"ARSUK Professional Paw Scissors Pet Grooming Scissors & Face Hair Remover Length 4.5"" (11.43 cm) Stainless Steel with Rounded Tips for Secure Cutting",New,5.99,No,,Yes,0,0,0,0,0,69.81,0,0,0,0,0,0
arsuk,ca,FBA-5x4p_Clear-Code:ARS04-TP_2xPacks,X0039T5SGV,B0053ZRV6I,"Decorative Mosaic Glass Gem for Bowl Vase Fillers, Transparent Glass Flat Gemstone Vase Fillers | Pebbles Mosaic | Flat Marble Beads | Craft Mosaics, Garden Plants Decor, Fountain, Aquarium Fillers",New,19.99,No,,Yes,0,0,0,0,0,1180.03,0,0,0,0,0,0
arsuk,ca,FBA-5xpp_Code:8049_Wooden_Handle,X002B7Y05R,B07HY2QR2D,"ARSUK Candle Snuffer, Fire Extinguisher with Long Handle to Safely Extinguish Candles, Stainless Steel 12 x 2in (Wooden Handle)",New,14.99,No,,Yes,99,99,0,0,99,937.5,0,0,0,0,0,0
arsuk,ca,FBA-BxPP_Str-Tmi-1169_Nail_scissor_7cm,X003A8ED7L,B01DX40WV6,ARSUK Nail Scissors Toe Cuticle Cutter Trimmer for Fingernails Men and Women Pedicure Beauty Tools Stainless Steel (Nail Scissors Style 8),New,5.99,No,,Yes,0,0,0,0,0,41.95,0,0,0,0,0,0
arsuk,ca,FBA-BxPP_TMI-1167_safety/cuticlescissors,X003AA0N2D,B01MXO0SDD,ARSUK Nail Scissors Toe Cuticle Cutter Trimmer for Fingernails Men and Women Pedicure Beauty Tools Stainless Steel (Nail Scissors Style 5),New,5.99,No,,Yes,0,0,0,0,0,54.08,0,0,0,0,0,0
arsuk,ca,FBA-CxGP_TMI-1160_ Nail Scissors,X003A8EE25,B01DQCTU9U,ARSUK Nail Scissors Toe Cuticle Cutter Trimmer for Fingernails Men and Women Pedicure Beauty Tools Stainless Steel (Nail Scissors Style 7),New,5.99,No,,Yes,0,0,0,0,0,66.86,0,0,0,0,0,0
arsuk,ca,FBA_12inch_guncase_Black_9xPP_EBA,X003AZP0PX,B00EL8R5WS,ARSUK Airsoft Hard Case Sports Tactical for BB Softair Cases Dual Lock System with Soft Foam,New,60.05,No,,Yes,0,0,0,0,0,5047.05,0,0,0,0,0,0
arsuk,ca,FBA_18039-Rusctic_BootScraper,X00346ZIUZ,B09PK98X9K,"ARSUK Cast Iron Boot Scraper - Boot Cleaner with Two Brushes - Boot Scrubber Outdoor - Boot Jack, Remover Puller - Mud Cleaners for Boots",New,43.99,No,,Yes,29,29,0,0,30,9855.84,0,0,1,0,0,0
arsuk,ca,FBA_27w-Bulb_Pack-2,X0039RL4TX,B0B2WKJ8PG,ARSUK 27w Replacement Bulb Fluorescent Daylight 4 Pin GX10Q-4 (6500k) High Vision Reading Study Office Desk Lamp,New,19.99,No,,Yes,0,0,0,0,0,,0,0,0,0,0,0
arsuk,ca,FBA_80043_ShipBell6Inch,X00346YE8H,B09PK9QNVV,"ARSUK Ship Bell for Outdoor Wall Decor - Hanging Wind Chimes, Antique and Nautical Brass Bells for Garden - Mounted Cloche for Home Bar with Rope",New,45.99,No,,Yes,40,39,0,1,40,4155.27,0,0,0,0,0,0
arsuk,ca,FBA_80045-4inchhandbell,X0034Z6UCV,B09R7ZGTZH,"ARSUK Dinner Hand Bells Last orders for Elderly People's Service with Wooden Handle (4"" Hand Bell)",New,26.99,No,,Yes,29,29,0,0,29,2640.45,0,0,0,0,0,0
arsuk,ca,"FBA_A4_Shipbell-3""_Code:1328",X002O1X1F5,B07RCHXPV2,"ARSUK Ship Bell for Outdoor Wall Decor - Hanging Wind Chimes, Antique and Nautical Brass Bells for Garden - Mounted Cloche for Home Bar with Rope",New,25.99,No,,Yes,67,66,0,0,67,969.62,0,0,0,1,0,0
arsuk,ca,FBA_A5xPP_code:18035-BLK-Scraper 2 Leg,X003BQY4BH,B071J26P1N,"ARSUK Welly Boot Stand Holder Shoe Organizer Wellington Boots Rack Storage for Indoor and Outdoor, Rust Proof Cast iron (45 x 33 x 4 CM)",New,59.99,No,,Yes,0,0,0,0,0,2918.04,0,0,0,0,0,0
arsuk,ca,"FBA_A8xPP_80034_4""Ship BellAnchor",X0039PMUEN,B01LVVAV53,"ARSUK Solid Brass Bell with Rope, Wall-Mounted Hanging Bell, Ship Bell for Home Decor, Nautical Decor, Dinner, Pub & bar (2 inch Ship Bell)",New,49.99,No,,Yes,0,0,0,0,0,4270.8,0,0,0,0,0,0
arsuk,ca,FBA_ARS-BootScraper,X003AU21CN,B098BC676N,"ARSUK Cast Iron Boot Scraper - Boot Cleaner with Two Brushes - Boot Scrubber Outdoor - Boot Jack, Remover Puller",New,129,No,,Yes,0,0,0,0,0,8495.22,0,0,0,0,0,0
arsuk,ca,FBA_ARS_GD04_4_Pair_Boot_Rack,X002OY2KA9,B07XTJ5BGD,"ARSUK Welly Boot Stand Holder Shoe Organizer Wellington Boots Rack Storage for Indoor and Outdoor, Rust Proof Cast Iron (45 x 33 x 4 cm)",New,58.99,No,,Yes,22,12,0,10,22,6060.92,0,0,0,0,0,0
arsuk,ca,FBA_Apple-Peeler_Green,X0039PLYWH,B0B2RYC4QW,"ARSUK Apple Peeler, Easy Apple Peeling Machine, Apple Corer Remover, Round Shape Fruit Cutter (Green)",New,29,No,,Yes,0,0,0,0,0,,0,0,0,0,0,0
arsuk,ca,FBA_Apple-Peeler_Red,X0039PD169,B0B2RSBJWL,"ARSUK Apple Peeler, Easy Apple Peeling Machine, Apple Corer Remover, Round Shape Fruit Cutter (Red)",New,29,No,,Yes,0,0,0,0,0,,0,0,0,0,0,0
arsuk,ca,"FBA_B0xpp_code:80042_5""-Ship-Bell",X002O2FLMF,B004XE1OCW,"ARSUK Ship Bell for Outdoor Wall Decor - Hanging Wind Chimes, Antique and Nautical Brass Bells for Garden - Mounted Cloche for Home Bar with Rope",New,39.99,No,,Yes,48,48,0,0,48,2907.72,0,0,0,0,0,0
arsuk,ca,FBA_B1xpp_GD001_2Pairs-Boot Rack,X002B47SKT,B07QFFP2LX,"ARSUK Welly Boot Stand Holder Shoe Organizer Wellington Boots Rack Storage for Indoor and Outdoor, Rust Proof Cast iron (45 x 33 x 4 CM)",New,41.99,No,,Yes,29,13,0,16,37,5551.77,0,0,8,0,0,0
arsuk,ca,FBA_Baby_Scissors_639,X003ASO321,B0B512724K,"Nail Scissors Manicure Pedicure Stainless Steel Cuticle Scissor for Ingrowing fingernail toenail Trimmer Multi-Purpose Grooming Beauty Tools for Eyebrow, Eyelash, Dry Skin for Mens and Women",New,6.99,Yes,0,No,0,0,0,0,0,75.05,0,0,0,0,0,0
arsuk,ca,FBA_C1xPP_GD005_Conical_Peony_Pack-3,X002UTL50T,B07RL6T63H,"ARSUK Peony Plant Support with Adjustable Ring, 3 Pack Metal Tomato Cages for Garden Plants, Flowers, Vine 50 x 30 x 25 cm -Black",New,66.99,No,,Yes,6,6,0,0,6,16199.92,0,0,0,0,0,0
arsuk,ca,"FBA_CCxpp80036_6""Ship Bell_Anchor",X0039PFGPD,B01LVXWABR,"ARSUK Solid Brass Bell with Rope, Wall-Mounted Hanging Bell, Ship Bell for Home Decor, Nautical Decor, Dinner, Pub & bar (10 inch Ship Bell)",New,49.99,No,,Yes,0,0,0,0,0,8262.03,0,0,0,0,0,0
arsuk,ca,FBA_DAxpp_GD016_Boot_Rack,X003BQY4D5,B07HM4R36V,"ARSUK Welly Boot Stand Holder Shoe Organizer Wellington Boots Rack Storage for Indoor and Outdoor, Rust Proof Cast iron (45 x 33 x 4 CM)",New,89.99,No,,Yes,0,0,0,0,0,43700.69,0,0,0,0,0,0
arsuk,ca,FBA_ElectricPotatoPeeler-BLK,X0039PRSXB,B0B2S1RT24,"ARSUK Electric Potato Peeler, Potato Peeler Machine with 3 Blades, Rotating Electric Potato Peeler Machine, Automatic Potato Peeler with Power Cord",New,50,No,,Yes,0,0,0,0,0,,0,0,0,0,0,0
arsuk,ca,FBA_SilverbellARS080-53151C-25.4cm_A0xpp,X002O4MKDL,B01LYIHTYN,"ARSUK Dinner Hand Bells Last Orders for Elderly People's Service with Wooden Handle (5.5"" Hand Bell)",New,29.99,No,,Yes,23,23,0,0,23,6482.72,0,0,0,0,0,0
arsuk,ca,FBA_TMI-1167_Beard&Mustache_Scissors,X003ABM9DD,B01D61W20U,Silver Bullet Trading Professional Heavy Duty Stainless Garlic Press Crusher,New,5.99,No,,Yes,0,0,0,0,0,67.51,0,0,0,0,0,0
arsuk,ca,FBA_TMI-1302-3_Orange_Tweezers,X003ASG80L,B004VEWGOY,Buddy's Push Up Pro rotating Grips Press Up Handles,New,6.99,No,,Yes,0,0,0,0,0,145.19,0,0,0,0,0,0
arsuk,ca,FBA_TMI-639_Nose_Scissors,X003ASP6NV,B07VC8H54N,ARSUK Nose Scissors Moustache Beard Ear Hair Eyebrow Trimming Facial Men's Grooming Scissors Stainless Steel,New,5.99,No,,Yes,0,0,0,0,0,1.8,0,0,0,0,0,0
arsuk,ca,FBA_Toe_Nail_Scissor_ARS037-CXA0,X003AA14V7,B007MZWYIW,Manicare A Grade Toe Nail Scissors,New,6.99,No,,Yes,0,0,0,0,0,106.52,0,0,0,0,0,0
arsuk,ca,FBA_Toe_Nail_Scissors_2_037,X003ASPAJ1,B0B5257LF2,ARSUK Toenail Scissors for Ingrown Toenails,New,6.99,No,,Yes,0,0,0,0,0,75.05,0,0,0,0,0,0
arsuk,ca,"Fba_B5xPP_80035_5""ShipBell_Anchor",X0039PFGOT,B01LVZ7F3I,"ARSUK Solid Brass Bell with Rope, Wall-Mounted Hanging Bell, Ship Bell for Home Decor, Nautical Decor, Dinner, Pub & bar (1 inch Ship Bell)",New,49.99,No,,Yes,0,0,0,0,0,6371.95,0,0,0,0,0,0
arsuk,ca,"Fba_B5xPP_80039_5"" ShipBellwithWheel",X0039PMUBL,B01LVZDOR1,"ARSUK Solid Brass Bell with Rope, Wall-Mounted Hanging Bell, Ship Bell for Home Decor, Nautical Decor, Dinner, Pub & bar (9 inch Ship Bell)",New,49.99,No,,Yes,0,0,0,0,0,6434.05,0,0,0,0,0,0
arsuk,ca,Fba_BxPP_ARS-195_Nail Curved Scissor,X003A9WNRH,B01DVD8PPE,ARSUK Nail Scissors Toe Cuticle Cutter Trimmer for Fingernails Men and Women Pedicure Beauty Tools Stainless Steel (Nail Scissors Style 1),New,5.99,No,,Yes,0,0,0,0,0,41.95,0,0,0,0,0,0
arsuk,ca,Fba_CXA0_oe-Nail-Scissor-ARS037,X003A87KUX,B0140SC1ZO,ARSUK Nail Scissors Toe Cuticle Cutter Trimmer for Fingernails Men and Women Pedicure Beauty Tools Stainless Steel (Nail Scissors Style 3),New,6.99,No,,Yes,0,0,0,0,0,87.02,0,0,0,0,0,0
arsuk,ca,Fba_Straight_Toenail_Scissors_1153,X003CF8RGP,B00YAE6I3U,ARSUK Nail Scissors Toe Cuticle Cutter Trimmer for Fingernails Men and Women Pedicure Beauty Tools Stainless Steel (Nail Scissors Style 9),New,5,No,,Yes,0,0,0,0,0,62.93,0,0,0,0,0,0
arsuk,ca,Fba_code:18035_BLK-Scraper with 2 Leg,X003AU04JF,B07GFKG3W1,"ARSUK Cast Iron Boot Scraper - Boot Cleaner with Two Brushes - Boot Scrubber Outdoor - Boot Jack, Remover Puller",New,129,No,,Yes,0,0,0,0,0,3006.21,0,0,0,0,0,0
arsuk,ca,Mope-Handle-purple,X0039PG2DX,B00LLA9OWS,ARSUK 360 Degree Deluxe Spin Easy Magic Mop Wring And Clean Microfibre Mop And Bucket With Power Spin Plus Extra Mop Heads,New,20.99,No,,Yes,0,0,0,0,0,5826.09,0,0,0,0,0,0
arsuk,ca,P-EU_Silicon_ClipOn_Tray,X003BORIT9,B07DTKJX2Q,"ARSUK Silicone Food Storage Containers Weaning Pots Moulds Jars Flexible Freezer Trays with Lid to Freeze Food, Breastmilk, Herbs, Ice Cubes, Lollies, Juice and More - Safe",New,19.99,No,,Yes,0,0,0,0,0,2657.82,0,0,0,0,0,0
arsuk,ca,PAN-EU-FBA-Bxpp-Code-Tmi-1153-STRAIGHT,X003A8JPFB,B00YAE6I3U,ARSUK Nail Scissors Toe Cuticle Cutter Trimmer for Fingernails Men and Women Pedicure Beauty Tools Stainless Steel (Nail Scissors Style 9),New,5.99,No,,Yes,0,0,0,0,0,62.93,0,0,0,0,0,0
arsuk,ca,PAN-FBA_4pcs_Airtight_Food_Containers,X003AI0OSX,B0B4PJCWMT,ARSUK Food Storage Containers with lids 4pcs Tupperware sets Meal Prep Lunch Plastic Boxes,New,16,No,,Yes,0,0,0,0,0,8000,0,0,0,0,0,0
arsuk,ca,PAN_EU_TMI-1167_Beard&Mustache_Scissors,X003ABQ7GD,B01D61W20U,Silver Bullet Trading Professional Heavy Duty Stainless Garlic Press Crusher,New,5.99,No,,Yes,0,0,0,0,0,67.51,0,0,0,0,0,0
arsuk,ca,PAN_EU_Tmi-1174_curved_arrow_pointed,X003A8EAID,B0140TLS52,ARSUK Nail Scissors Toe Cuticle Cutter Trimmer for Fingernails Men and Women Pedicure Beauty Tools Stainless Steel (Nail Scissors Style 6),New,5.99,No,,Yes,0,0,0,0,0,70.46,0,0,0,0,0,0
arsuk,ca,SML_BBs_0.20g_1K_Bio_Bag_WHT,X002TJMQ3F,B07T3K1TMS,ARSUK Airsoft BB Pellets 6mm BBS Bio Bag 0.20g Content 1000 Bullets White,New,15.69,No,,Yes,64,63,0,1,384,351.83,240,0,80,0,0,0
arsuk,ca,Sfp_Curved_Pointed_Nail_Scissors_1160,X003BXF7T3,B01DQCTU9U,ARSUK Nail Scissors Toe Cuticle Cutter Trimmer for Fingernails Men and Women Pedicure Beauty Tools Stainless Steel (Nail Scissors Style 7),New,5,No,,Yes,0,0,0,0,0,66.86,0,0,0,0,0,0
arsuk,ca,Sfp_Curved_Pointed_Nail_Scissors_1169,X003BX8PC9,B01DX40WV6,ARSUK Nail Scissors Toe Cuticle Cutter Trimmer for Fingernails Men and Women Pedicure Beauty Tools Stainless Steel (Nail Scissors Style 8),New,5,No,,Yes,0,0,0,0,0,41.95,0,0,0,0,0,0
arsuk,ca,Sfp_Cuticle_Scissors_1167,X003BX8A5L,B01MXO0SDD,ARSUK Nail Scissors Toe Cuticle Cutter Trimmer for Fingernails Men and Women Pedicure Beauty Tools Stainless Steel (Nail Scissors Style 5),New,5,No,,Yes,0,0,0,0,0,54.08,0,0,0,0,0,0
arsuk,ca,Sfp_Cuticle_Scissors_Curved_Arrow_198,X003BXCW87,B013W28VJ4,"Cuticle Scissor Stainless Steel Exactly Ground-Sharp,Nails,Cuticle Scissors Straight Blades",New,5,No,,Yes,0,0,0,0,0,62.27,0,0,0,0,0,0
arsuk,ca,Sfp_Nail_Scissor_Fine_Point_195,X003BXF509,B01DVD8PPE,ARSUK Nail Scissors Toe Cuticle Cutter Trimmer for Fingernails Men and Women Pedicure Beauty Tools Stainless Steel (Nail Scissors Style 1),New,5,No,,Yes,0,0,0,0,0,41.95,0,0,0,0,0,0
arsuk,ca,Sfp_Straight_Pointed_Nail_Scissors_1174,X003BXCWSR,B0140TLS52,ARSUK Nail Scissors Toe Cuticle Cutter Trimmer for Fingernails Men and Women Pedicure Beauty Tools Stainless Steel (Nail Scissors Style 6),New,5,No,,Yes,0,0,0,0,0,70.46,0,0,0,0,0,0
arsuk,ca,Sfp_Straight_Toe_Nail_Scissors_1153,X003BXCQKL,B00YAE6I3U,ARSUK Nail Scissors Toe Cuticle Cutter Trimmer for Fingernails Men and Women Pedicure Beauty Tools Stainless Steel (Nail Scissors Style 9),New,5,No,,Yes,0,0,0,0,0,62.93,0,0,0,0,0,0
arsuk,ca,Sfp_Toenail_Scissors_037,X003BXQ823,B0140SC1ZO,ARSUK Nail Scissors Toe Cuticle Cutter Trimmer for Fingernails Men and Women Pedicure Beauty Tools Stainless Steel (Nail Scissors Style 3),New,5,No,,Yes,0,0,0,0,0,87.02,0,0,0,0,0,0
arsuk,ca,Shipbell_NickleChrome_5'_1316/933N_B7x99,X0039PFGOJ,B015W3NNGM,"ARSUK Solid Brass Bell with Rope, Wall-Mounted Hanging Bell, Ship Bell for Home Decor, Nautical Decor, Dinner, Pub & bar (11 inch Ship Bell)",New,49.99,No,,Yes,0,0,0,0,0,3414.24,0,0,0,0,0,0
arsuk,ca,UK-FBA-Baby-Scissors-639,X003A8B3V5,B002L1ZT66,Stainless Steel Baby-Safe Nail Scissors with Rounded Tip -- Age: 0 m+,New,5.99,No,,Yes,0,0,0,0,0,65.55,0,0,0,0,0,0
arsuk,ca,USA_FBA_1LB-Clear-Pebbles,X0039UIQ2D,B0B34W9YD8,ARSUK Clear Glass Gemstone Beads Vase Fillers (1 LB) Marble Beads Flat Gems Aquarium Pebbles Vase Filler Beads Table Scatter Décor,New,14.99,No,,Yes,0,0,0,0,0,,0,0,0,0,0,0
arsuk,ca,USA_FBA_1LB-Mixed-Pebbles,X0039UJSCP,B0B34W94Q4,ARSUK Flat Glass Marbles 1lb Mixed Color Blue Green Red Glass Beads Stone for Floral Arrangements Vases Flat Bottom Gems 100 pcs,New,14.99,No,,Yes,0,0,0,0,0,,0,0,0,0,0,0
arsuk,ca,USA_FBA_2LB-Clear-Pebbles,X0039UN8AN,B0B34VFK2X,ARSUK Clear Glass Gemstone Beads Vase Fillers 2LB Marble Beads Glass Flat Clear Marbles Glass Pebbles Gems for Vase Fillers Stones Rocks,New,17.99,No,,Yes,0,0,0,0,0,,0,0,0,0,0,0
arsuk,ca,USA_FBA_2LB-Mixed-Pebbles,X0039UKJI7,B0B34X252N,ARSUK Flat Glass Marbles 2lb Mixed Color Blue Green Red Glass Beads Stone for Floral Arrangements Vases Flat Bottom Gems,New,17.99,No,,Yes,0,0,0,0,0,,0,0,0,0,0,0
arsuk,ca,USA_FBA_5LB-Clear-Pebbles,X0039UIR4P,B0B34TX7XC,ARSUK Clear Glass Gemstone Beads Vase Fillers 5LB Marble Beads Clear Flat Glass Marbles for Vases Glass Gems Beads Pebbles Vase Filler,New,19.99,No,,Yes,0,0,0,0,0,,0,0,0,0,0,0
arsuk,ca,USA_FBA_5LB-Mixed-Pebbles,X0039UKNXD,B0B34VL32D,ARSUK Flat Glass Marbles 5lb Mixed Color Blue Green Red Glass Beads Stone for Floral Arrangements Vases Flat Bottom Gems,New,19.99,No,,Yes,0,0,0,0,0,,0,0,0,0,0,0
arsuk,ca,USA_FBA_BB-Loader_90_Rnd_BLK,X0039HQFKB,B08XLNDFZX,ARSUK Airsoft BB Speed Loader 90 Round High Loading Tools and Airsoft Items for 6mm BB Pellets (Black),New,15,No,,Yes,218,213,0,5,218,289.72,0,0,0,0,0,0
arsuk,ca,USA_FBA_Spinning_Target,X003AM67M1,B097YT2VG7,ARSUK Self Resetting Airsoft Target Spinning for Indoor Outdoor Shooting Practice Heavy Duty Metal 36 x 16 x 6cm,New,49,No,,Yes,0,0,0,0,0,1047.46,0,0,0,0,0,0
arsuk,ca,USFBA_ARS-78808_9xpp_MEDIUM-250ml_16pc,X003ABTVLL,B07DNC5786,ARSUK Food Containers Weaning Pots Freezer Cubes for Storing Stacking Mashed Food (Pack of 16x250ml),New,18,No,,Yes,0,0,0,0,0,3651.86,0,0,0,0,0,0
