seller,location,sku,fnsku,asin,product-name,condition,your-price,mfn-listing-exists,mfn-fulfillable-quantity,afn-listing-exists,afn-warehouse-quantity,afn-fulfillable-quantity,afn-unsellable-quantity,afn-reserved-quantity,afn-total-quantity,per-unit-volume,afn-inbound-working-quantity,afn-inbound-shipped-quantity,afn-inbound-receiving-quantity,afn-researching-quantity,afn-reserved-future-supply,afn-future-supply-buyable,afn-fulfillable-quantity-local,afn-fulfillable-quantity-remote
arsuk,uk,07x4p_Code:3501-30-Black_Matt_TH_Wall,X000WTAI7R,B07HLQ9MX1,"ARSUK Paper Towel Holder, Kitchen Roll Holder Under Cabinet Wall Mounted, Stainless Steel 29 x 0.75 x 13 cm (Black)",New,7.29,No,,Yes,47,47,0,0,47,576.01,0,0,0,0,0,0,47,0
arsuk,uk,07x4p_Code:3501-30-Chrome_th_Wall,X000WEKZD9,B004GWUOAY,"ARSUK Paper Towel Holder, kitchen tissue holder, Roll Dispenser Rack Wall Mounted fits in a Cupboard or Under Cabinet Metal (Chrome)",New,11.59,No,,Yes,22,22,0,0,22,576.66,0,0,0,0,0,0,0,22
arsuk,uk,08xpp_Code:3501-30-Steel_TH_Wall,X000WEKZ1B,B07HLN8FBQ,"ARSUK Paper Towel Holder, Kitchen Roll Holder Under Cabinet Wall Mounted, Stainless Steel 29 x 0.75 x 13 cm (Chrome)",New,7.64,No,,Yes,36,36,0,0,36,611.4,0,0,0,0,0,0,36,0
arsuk,uk,5Xpp_kids_gloves_size:6 MANCHESTER UNITE,X000XTGAKP,B07K4DZH7Y,Goalie Goalkeeper Gloves kids Strong Grip for Soccer Football Gloves for Boys & Girls Junior Toughest Saves With Finger Support Strong Grip / Spines Fingersave Goal Keeper Match Training Glove,New,7.61,No,,Yes,7,7,0,0,7,594.19,0,0,0,0,0,0,7,0
arsuk,uk,5Xpp_kids_gloves_size:6 WEST BROM,X000XQN2NB,B07KT2ZZSG,ARSUK Goalie Goalkeeper Gloves kids Strong Grip for Soccer Football Gloves for Boys & Girls Junior Toughest Saves With Finger Support Strong Grip/Spines Fingersave Goal Keeper Match Training Glove,New,6.11,No,,Yes,18,18,0,0,18,395.91,0,0,0,0,0,0,18,0
arsuk,uk,5Xpp_kids_gloves_size:6_CHELSEA,X001LR07OD,B07K4QVPJ9,"ARSUK® Goalkeeper Gloves, Junior Goalkeeper Gloves Stronge Grip for the Toughest Saves and Finger Protection (CHELSEA-Size:06)",New,5.99,No,,Yes,0,0,0,0,0,,0,0,0,0,0,0,0,0
arsuk,uk,5Xpp_kids_gloves_size:6_MANCHESTER CITY,X000XTG05P,B07K4RB9LX,ARSUK Goalie Goalkeeper Gloves kids Strong Grip for Soccer Football Gloves for Boys & Girls Junior Toughest Saves With Finger Support Strong Grip/Spines Fingersave Goal Keeper Match Training Glove,New,6.44,No,,Yes,3,3,0,0,3,921.77,0,0,0,0,0,0,3,0
arsuk,uk,5Xpp_kids_gloves_size:6_SUNDERLAND,X000XTG7NZ,B07K4K2V2K,"ARSUK Goalkeeper Gloves, Junior Goalkeeper Gloves Stronge Grip for the Toughest Saves and Finger Protection (SUNDERLAND-Size:06)",New,5.99,No,,Yes,7,7,0,0,7,615.66,0,0,0,0,0,0,7,0
arsuk,uk,5x49_Clear_Code:ARS04-TP_2Packs&30pieces,X001L6D0MF,B01N0CHNT7,"ARSUK Ciottoli, Perle e ciottoli in Vetro, Vetro Nuggets, Gemme Forma Rotonda, pietre decorative arrotondate per vasi, acquario e decorazioni (170-180 pcs/0.955kg Transparent Pebbles)",New,18.99,Yes,0,No,0,0,0,0,0,1234.6,0,0,0,0,0,0,0,0
arsuk,uk,5xpp_code:31665_Snuffer-,X000WLE2CH,B00ZU459BQ,"ARSUK Candle Snuffer Fire Extinguisher Candle Cover Tool For Safe Extinguishing, Made of Stainless Steel 30x5 cm (Brass Elegant)",New,8.49,No,,Yes,69,69,0,0,69,844.75,0,0,0,0,0,0,69,0
arsuk,uk,8xpp_code:ARS-HM,X000WMHSGD,B07HPB86F1,"ARSUK 10pcs Large Handmade Flowerish Style Glow in the Dark Doted Style Glass Marbles, Sports Toys & Outdoor (10pcs Handmade Marbles)",New,14.69,No,,Yes,140,128,0,12,140,250.89,0,0,0,0,0,0,128,0
arsuk,uk,9xpp_baby-cont-ARS-78805-MEDIUM-16pc,X000W74ODX,B07DNC5786,ARSUK Baby Food Containers Weaning Pots Freezer Cubes for Storing Stacking Mashed Food 100% BPA Free (Pack of 16-250ml),New,14.29,No,,Yes,75,75,0,0,75,3651.86,0,0,0,0,0,0,75,0
arsuk,uk,A-BB-Pellets-2000-Bottle-BLK,X001JE2YC1,B00BW9W76I,ARSUK Airsoft BB Pellets 6mm 0.20g High Grade Balls with Smooth Polished,New,9.39,No,,Yes,24,24,0,0,24,763.64,0,0,0,0,0,0,24,0
arsuk,uk,A0xpp_Code:3197_candleholder_setof3,X000WCCR9V,B00CIUCJR2,"ARSUK Candle Holder Geometric Metal Wire Iron Tealight Lantern Holder Votive Vintage, Ceremony, Wedding, Christmas, Table Centerpiece, Dinner & Home Decoration (Candle Holders (Set of 3))",New,9.99,No,,Yes,5,5,0,0,5,7327.15,0,0,0,0,0,0,5,0
arsuk,uk,A0xpp_Code:3501-30-Brass_TH_Wall,X000WTAJZ3,B07HLSSBHD,"ARSUK Kitchen Roll Holder, Paper Towel Holder Wall Mounted Under Cabinet, Stainless Steel 29 x 0.75 x 13 cm (Brass)",New,7.59,No,,Yes,47,47,0,0,47,606.32,0,0,0,0,0,0,47,0
arsuk,uk,A0xpp_TMI-1001_B.SCISSOR-5inch,X001M55BAT,B01D426ZNG,ARSUK Professional Hairdressing 5'' Barber Salon Scissors Original J2 Steel (Premium Grade Japanese Steel) With Removable Finger Rest -Professional Styling Scissors,New,29.99,No,,Yes,0,0,0,0,0,-16.39,0,0,0,0,0,0,0,0
arsuk,uk,A2xpp_Code:3121-27_CH_Geo-S,X000WLYPY7,B07HKDF9D8,"ARSUK Candle Holder Geometric Metal Wire Iron Tealight Lantern Holder Votive Vintage,Ceremony, Wedding, Christmas, Table Centerpiece, Dinner Decoration, Home Decoration (Candle Holder Geometric-Small)",New,15.99,No,,Yes,1,1,0,0,1,12711.94,0,0,0,0,0,0,1,0
arsuk,uk,A2xpp_Code:3122-21_CH_Geo,X000WIPGI9,B07HKC6FY7,"ARSUK Candle Holder Geometric Metal Wire Iron Tealight Lantern Holder Votive Vintage, Ceremony, Wedding, Christmas, Table Centerpiece, Dinner Decoration, Home Decoration (Candle Holder Geometric)",New,7.99,No,,Yes,2,2,0,0,2,11615.97,0,0,0,0,0,0,2,0
arsuk,uk,A2xpp_code:ARS-GD010_Tool,X001AOOVAD,B07R7LSR9S,"ARSUK Garden Tool Storage Rack, Wall Mounted Double Hook Organizer for Shed 44 x 13.7 x 8 cm, 1070gm (Black)",New,16.99,No,,Yes,14,14,0,0,14,4822.39,0,0,0,0,0,0,14,0
arsuk,uk,A3xpp_Code:3121-31_CH_Geo-M,X000WT5TRB,B07HKL9BW3,"ARSUK Candle Holder Geometric Metal Wire Iron Tealight Lantern Holder Votive Vintage, Ceremony, Wedding, Christmas, Table Centerpiece, Dinner & Home Decoration (Candle Holder Geometric-Medium)",New,15.99,No,,Yes,2,2,0,0,2,20736.03,0,0,0,0,0,0,2,0
arsuk,uk,A4xpp_Code:3122-27_CH_Geo-L,X000WLYQPZ,B07HKCFQL6,"ARSUK Candle Holder Geometric Metal Wire Iron Tealight Lantern Holder Votive Vintage, Ceremony, Wedding, Christmas, Table Centerpiece, Dinner & Home Decoration (Candle Holder Geometric-Large)",New,15.99,No,,Yes,2,2,0,0,2,26977.7,0,0,0,0,0,0,2,0
arsuk,uk,A4xpp_code:1328_shipbell_3inch,X000WHDJJX,B01CDAEHFS,"ARSUK Last orders bell, Home bar pub bell, Traditional design Wall mounted ship bell, Brass hanging bell with durable rope, Nautical Bell & last order bells",New,21.99,No,,Yes,0,0,0,0,0,1621.34,0,0,0,0,0,0,0,0
arsuk,uk,"AAxPP_ TMI-2466_Mesh_pro_haircutting_6""",X001M55SHZ,B01DJHUWF8,"ARSUK Professional Barber Hairdressing Cutting 6"" Razor Edge Hairdressing Scissors -Shears Scissors -Styling Scissor-Grooming Scissor-With Removable Finger Rest -Professional Styling Scissors ESPECIALLY MADE WITH JAPANESE J2 STEEL",New,11.99,Yes,0,No,0,0,0,0,0,,0,0,0,0,0,0,0,0
arsuk,uk,ARS-UK-S&L-FBA-10_HM_Marble,X001FCG6Z3,B07HPB86F1,"ARSUK 10pcs Large Handmade Flowerish Style Glow in the Dark Doted Style Glass Marbles, Sports Toys & Outdoor (10pcs Handmade Marbles)",New,11.99,No,,Yes,58,57,0,1,58,250.89,0,0,0,0,0,0,57,0
arsuk,uk,ARS_FBA_16gm_Capsule_20_Pack,X001FRNW8H,B09G6Y5NLC,ARSUK 16g CO2 Cartridges Threaded Gas Capsule Quick Air Refill - For CO2 Bike Bicycle Inflator Pump - 20 Pack,New,25.99,No,,Yes,8,8,0,0,8,1018.62,0,0,0,0,0,0,8,0
arsuk,uk,ARS_FBA_30X_Magnifying-Glass_with_12LED,X001FJX5QJ,B07TYFYGXG,"ARSUK Magnifying Glass with 12 LED Light, 30X Handheld Large Reading Magnifier for Seniors, Macular Degeneration, Inspection, Coins, Jewelry, Exploring, Hobbies",New,12.99,No,,Yes,69,69,0,0,69,815.75,0,0,0,0,0,0,69,0
arsuk,uk,ARS_FBA_31665_Snuffer,X001B6WX1T,B07H9CSDBD,ARSUK Candle Snuffer Set fire extinguisher made of solid brass nickel wood candle cover tool for safe extinguishing (Brass - Hammered),New,8.99,No,,Yes,0,0,0,0,0,888.67,0,0,0,0,0,0,0,0
arsuk,uk,ARS_FBA_Floor_Magnifier_Lamp,X001FSK2UH,B00BXL0TD8,ARSUK 5x Magnifying Floor Magnifier Led Lamp Adjustable Gooseneck Arm Perfect for Small Prints Text Sewing Crafts Arts Knitting Studying Reading Books Jewelry Repair Writing Working Embroidery,New,48.99,No,,Yes,9,0,9,0,9,25609.21,0,0,0,0,0,0,0,0
arsuk,uk,ARS_FBA_LED_BN22_Bulb_18W_2PK,X001M5ZRR1,B0B96TWBTD,"ARSUK LED B22 Bayonet Base Bulb, 18 Watt Daylight Bulbs (Equivalent to 100W), 6500K, 1400lm Non-dimmable, Cool White Light",New,8.99,No,,Yes,0,0,0,0,0,,0,0,0,0,0,0,0,0
arsuk,uk,ARS_FBA_LED_BN22_Bulb_18W_4PK,X001M5Z2IP,B0B96YKWXR,"ARSUK LED B22 Bayonet Base Bulb, 18 Watt Daylight Bulbs (Equivalent to 100W), 6500K, 1400lm Non-dimmable, Cool White Light",New,12.99,No,,Yes,0,0,0,0,0,,0,0,0,0,0,0,0,0
arsuk,uk,ARS_FBA_LED_E27_Screw_Bulb_18W_1PK,X001DK3M0T,B095HXF365,"ARSUK LED E27 Screw Light Bulbs, 18W (Equivalent to 100W), 6500K, 1400lm, Non-Dimmable, Cool White, Energy Saving Light Bulb (1 Pack) [Energy Class A]",New,5.99,No,,Yes,52,52,0,0,52,998.79,0,0,0,0,0,0,52,0
arsuk,uk,ARS_FBA_Large_Plastic_Mat_Black_White,X001GSTZMH,B09L1DTSLD,"ARSUK Outdoor/Indoor Rug, 210x150cm, Waterproof Picnic Blanket Lightweight Plastic Reversible Mat for Beach Camping Garden RV Patio Decking Balcony",New,32.99,No,,Yes,13,13,0,0,13,6850.61,0,0,0,0,0,0,13,0
arsuk,uk,ARS_FBA_Large_Plastic_Mat_Blue_Yellow,X001GSCCS1,B09KY75MLZ,"ARSUK Outdoor/Indoor Rug, 210x150cm, Waterproof Picnic Blanket Lightweight Plastic Reversible Mat for Beach Camping Garden RV Patio Decking Balcony",New,18.99,No,,Yes,47,46,0,1,47,9542.35,0,0,0,0,0,0,46,0
arsuk,uk,ARS_FBA_Large_carpet_mat_Black_White,X001EFS91P,B004IJ26GK,"ARSUK Plastic Floor Mat Soft Texture Foldable Waterproof Indoor Outdoor Reversible Straw Rug for Living Room, Patio, Beach, Picnic, Yoga, Prayer, Camping, Lawn, Park, Deck Garden, Garage",New,9.99,Yes,0,No,0,0,0,0,0,8165.67,0,0,0,0,0,0,0,0
arsuk,uk,ARS_FBA_Medium_Plastic_Mat_Black_White,X001GVA4GZ,B09LD2VJ4B,"ARSUK Outdoor/Indoor Rug, 180x120cm, Waterproof Picnic Blanket Lightweight Plastic Reversible Mat for Beach Camping Garden RV Patio Decking Balcony",New,15.39,No,,Yes,102,101,1,0,102,6889.61,0,0,0,0,0,0,101,0
arsuk,uk,ARS_FBA_Medium_Plastic_Mat_Red_White,X001GY80XV,B09LT4V7F6,"ARSUK Outdoor/Indoor Rug, 180x120cm, Waterproof Picnic Blanket Lightweight Plastic Reversible Mat for Beach Camping Garden RV Patio Decking Balcony",New,14.99,No,,Yes,113,113,0,0,113,6725.41,0,0,0,0,0,0,113,0
arsuk,uk,ARS_FBA_Medium_carpet_mat_Red_White,X001EFYB9J,B07HLWKDFP,"ARSUK Kitchen Roll Holder, Paper Towel Holder Wall Mounted Under Cabinet, Stainless Steel (Chrome)",New,7.99,No,,Yes,0,0,0,0,0,4990.52,0,0,0,0,0,0,0,0
arsuk,uk,ARS_FBA_Neck&Desk_Magnifying_Glass,X001JFDJTR,B09HV7DC6P,ARSUK Magnifying Glass with Light 2 in 1 Hands Free Reading Magnifier Neck Hanging Cord & Desk Stand for Crafts Handcraft Sewing Jewelry Hobby,New,8.99,No,,Yes,113,111,0,2,113,1084.5,0,0,0,0,0,0,111,0
arsuk,uk,ARS_FBA_small_carpet_mat_Black_White,X001EFTOT1,B098T8GL97,"ARSUK Outdoor/Indoor Rug, 150x100cm, Waterproof Picnic Blanket Lightweight Plastic Reversible Mat for Beach Camping Garden RV Patio Decking Balcony",New,12.99,No,,Yes,65,64,0,0,100,5876.73,0,0,35,1,0,0,64,0
arsuk,uk,ARS_FBA_small_carpet_mat_Green_White,X001EFRI3Z,B098TDDRJN,"ARSUK Outdoor/Indoor Rug, 150x100cm, Waterproof Picnic Blanket Lightweight Plastic Reversible Mat for Beach Camping Garden RV Patio Decking Balcony",New,12.99,No,,Yes,42,42,0,0,42,4366.5,0,0,0,0,0,0,42,0
arsuk,uk,ARS_TWL_3501-30_Brass,X001B3TQ5X,B07HLX2QG2,"ARSUK kitchen roll holder, paper towel roll dispenser rack wall mounted bathroom toilet tissue container or under-cabinet metal fittings (Gold Polish)",New,7.22,No,,Yes,22,22,0,0,22,705.3,0,0,0,0,0,0,22,0
arsuk,uk,A_FBA-SML_BBs_0.12g_2K_Yellow_Bottle,X001L6LQKD,B07MF2C1D6,"ARSUK Airsoft BB Pellets Balls High-Grade Paintball heavy Duty and Smooth Polished - in Bottles and Bags - 6mm 0.12g,0.20g,0.30g,0.40g BB 2000,3000,4000,5000,10000 Rounds(0.12g Bag of-2000 Yellow)",New,8.89,No,,Yes,0,0,0,0,0,756.75,0,0,0,0,0,0,0,0
arsuk,uk,A_FBA_12gm_Capsule_20_Pack,X001ATVPHF,B08SM6YYJF,ARSUK Green Gas Airsoft Airgun Pistol Rifle grenade BB Gun Gas Predator powerlets ultra 12gm Co2 Cartridges Airsoft Capsules Blowback propellant gas (12g Capsule Pack 20),New,18.99,No,,Yes,0,0,0,0,0,888.67,0,0,0,0,0,0,0,0
arsuk,uk,A_FBA_16gm_Capsule_10_Pack,X001AF0MVT,B08QTSM3VB,ARSUK 16g CO2 Cartridges Threaded Gas Capsule Quick Air Refill - For CO2 Bike Bicycle Inflator Pump - 10 Pack,New,14.49,No,,Yes,35,30,0,4,146,1049.76,37,74,0,1,0,0,30,0
arsuk,uk,A_FBA_BBs_0.12g_2K_Yellow_Bottle,X001CE44VH,B07MF2C1D6,"ARSUK Airsoft BB Pellets Balls High-Grade Paintball heavy Duty and Smooth Polished - in Bottles and Bags - 6mm 0.12g,0.20g,0.30g,0.40g BB 2000,3000,4000,5000,10000 Rounds(0.12g Bag of-2000 Yellow)",New,9.1,No,,Yes,67,62,0,5,67,756.75,0,0,0,0,0,0,62,0
arsuk,uk,A_FBA_Pack-2_Silicon_Cloth,X001EEIEK7,B098P7S9J9,Universal Silicone Cloth (Silicon Cloth Pack-2),New,5.99,No,,Yes,15,15,0,0,15,300.05,0,0,0,0,0,0,15,0
arsuk,uk,A_FBA_Pellet_Trap_Shooting_Target,X001E8GYMD,B097YQJG69,ARSUK Airsoft Target Self Resetting Pellet Catcher For Indoor Outdoor Shooting Practice Heavy Duty Metal 20x16x16cm,New,33.99,No,,Yes,39,39,0,0,39,6004.06,0,0,0,0,0,0,39,0
arsuk,uk,A_FBA_Penguin_Go_Racer_Toy,X001CTA7Q3,B000GX40PW,"ARSUK Penguin Go Racer Track Toy, Kids Fun Playing Games with Slide & Music, Climbing Stairs Toys for Toddlers and Kids, Playful Roller Coaster Playset",New,18.99,No,,Yes,42,41,1,0,42,6647.08,0,0,0,0,0,0,41,0
arsuk,uk,A_FBA_SML_155_Rnd_BLK,X001IFW9WB,B00FV012L0,ARSUK Airsoft Plastic 155 Count Round Speed Loader Black For 6mm BB Pellets,New,7.19,No,,Yes,0,0,0,0,0,389.19,0,0,0,0,0,0,0,0
arsuk,uk,A_FBA_Spinning_Shooting_Target,X001E8C391,B097YT2VG7,ARSUK Self Resetting Airsoft Target Spinning For Indoor Outdoor Shooting Practice Heavy Duty Metal 36x16x6cm,New,16.99,No,,Yes,35,35,0,0,35,1047.46,0,0,0,0,0,0,35,0
arsuk,uk,A_S&L_0.20g_1K_Bio_Bag_WHT,X001BHU97X,B07T3K1TMS,ARSUK BB Pellets Air Rifle Pistol Airgun Pellets Balls High Grade Paintball Pellets Sniper heavyweight Tracer 6mm 0.20g 1000 Pellets-white-bio,New,5.99,No,,Yes,13,12,0,1,13,351.83,0,0,0,0,0,0,12,0
arsuk,uk,A_S&L_BB_loader_90_Rd_Black,X001C6BRW9,B00GAXBP9Q,ARSUK Airsoft Paintball Speed Loader with High Capacity Loading Tool for 6mm BB pellets (Speed Loader 90 Round Black),New,7.69,No,,Yes,0,0,0,0,0,323.97,0,0,0,0,0,0,0,0
arsuk,uk,Axpp_Milky/colour_Marbles_packof50,X000VLH40Z,B0019AJNRG,"Cat's Eye Marbles, Glass Marbles, Comes in a bag, Protection against damage, Sports Toys & Outdoor By ARSUK (40pcs Milky Marble)",New,5.09,No,,Yes,33,32,0,1,33,283.99,0,0,0,0,0,0,32,0
arsuk,uk,Axpp_mixed_Marbles_packof50,X000VMG23J,B003XIYMDM,"ARSUK Cat's Eye Marbles, Coloured Glass Marbles Comes in a Bag for Toys Kids Party Gift Playing Ring Hole Off the Wall Games (40 PCs Colour Marbles) (40 color)",New,5.89,No,,Yes,9,9,0,0,9,282.19,0,0,0,0,0,0,9,0
arsuk,uk,B6xPP_code:ARS-GD004_4_Pair_Rack_Round,X000ZTFAMR,B0714MD558,"ARSUK Welly Boot Rack - Metal Shoe Racks Storage & Organizer, Wellington Boots Stand Outdoor, Cast Iron Outside Holder for Wellies (2 Pair & 4 Pair)",New,33.99,No,,Yes,9,9,0,0,9,7472.01,0,0,0,0,0,0,9,0
arsuk,uk,Baby_Nail_Scissors_639,X001LT489V,B098R2KBD4,"Scissors (Baby Nail, Nose & Ear Scissor)",New,2.99,Yes,0,No,0,0,0,0,0,,0,0,0,0,0,0,0,0
arsuk,uk,Boot-Scraper-2brush-code:18039-BLK,X000W5LAVT,B07GKZB51X,"ARSUK Boots Scraper - Welly Puller & Holder, Boot Remover Cast Iron, Outdoor Boot Jack for Wellies - Heavy Duty Wellington Muddy Cleaner with Brush (Black)",New,32.99,No,,Yes,11,10,0,1,11,9855.84,0,0,0,0,0,0,10,0
arsuk,uk,Bucket Set Lemon,X000W3UICX,B07GJWZ7K4,ARSUK Mop Bucket with Telescopic Mop Handle and Replacement Mop Heads (Mop Bucket Set Red and Black),New,19.99,No,,Yes,0,0,0,0,0,18441.18,0,0,0,0,0,0,0,0
arsuk,uk,Bucket set Purple,X000W3J1TJ,B00LLAHS0S,"ARSUK Mop and Buckets Sets with 2 Super Absorbent Microfiber 360° Spin Mop Heads and Adjustable Height Telescopic Handle, Stackable",New,42.99,Yes,0,No,0,0,0,0,0,30835.05,0,0,0,0,0,0,0,0
arsuk,uk,Bx69_Milky_white _marbles(pack on 1),X000VMGQMV,B01IDPMOOS,"ARSUK Cat's Eye Marbles, Glass Marbles, Comes in a bag, Protection against damage, Sports Toys & Outdoor Games (70-80Pcs Milky Marble)",New,6.99,No,,Yes,17,17,0,0,17,673.67,0,0,0,0,0,0,17,0
arsuk,uk,Crown_Toe_Nail_Scissors_037,X001LSHA01,B098R4ZR7V,"Cuticle Remover Nail Scissors for Finger Nails & Toenail Scissor - Beauty Care Stainless Steel Eyebrow Scissors Premium Manicure Tools Small Scissors for Nose Hair, Mustache, & Beard",New,2.99,Yes,0,No,0,0,0,0,0,75.05,0,0,0,0,0,0,0,0
arsuk,uk,Curved_Pointed_Nail_Scissors_1160,X001LSRZPB,B098TBJV4G,"Curved Pointed Cuticle Remover Nail Scissors for Finger Nails & Toenail Scissor - Beauty Care Stainless Steel Eyebrow Scissors Premium Manicure Tools Small Scissors for Nose Hair, Mustache, & Beard.",New,2.99,No,,Yes,0,0,0,0,0,60.96,0,0,0,0,0,0,0,0
arsuk,uk,Curved_Pointed_Nail_Scissors_1169,X001MCMIPN,B099F5J4M6,"Nail Scissors for Finger Nails & Toenail Cuticle Scissors - Beauty Care Stainless Steel Eyebrow Scissors Premium Manicure Tools Small Scissors for Nose Hair, Mustache, & Beard.",New,2.99,Yes,0,No,0,0,0,0,0,,0,0,0,0,0,0,0,0
arsuk,uk,Cuticle_Scissors_1167,X001LSDT2T,B098R2J1F7,"Nail Scissors Manicure Pedicure Stainless Steel Cuticle Scissor for Ingrowing toenail fingernail Trimmer Multi-Purpose Grooming Beauty Tools for Eyebrow, Eyelash, Dry Skin for Mens and Women",New,2.99,Yes,0,No,0,0,0,0,0,75.05,0,0,0,0,0,0,0,0
arsuk,uk,Cuticle_Scissors_Curved_Arrow_198,X001MCHIBR,B098R1SZ77,"Curved Arrow Cuticle Remover Nail Scissors for Finger Nails & Toenail Scissor - Beauty Care Stainless Steel Eyebrow Scissors Premium Manicure Tools Small Scissors for Nose Hair, Mustache, & Beard.",New,2.99,Yes,0,No,0,0,0,0,0,64.4,0,0,0,0,0,0,0,0
arsuk,uk,CxPP_ARS-198_Cuticle Straight Scissors,X001EG1DJ9,B013W28VJ4,"Nail Scissors Manicure Pedicure Stainless Steel Cuticle Scissor for Ingrowing toenail fingernail Trimmer Multi-Purpose Grooming Beauty Tools for Eyebrow, Eyelash, Dry Skin for Mens and Women",New,4.52,No,,Yes,23,23,0,0,23,62.27,0,0,0,0,0,0,23,0
arsuk,uk,DR-1AOM-SG5K,X000VS6DJB,B07G8BLZJZ,"ARSUK Decorative Glass Pebbles, Stones Beads Rounded, Stones, Gems (Clear-200PCS (1KG))",New,17.99,No,,Yes,47,45,1,1,47,1309.16,0,0,0,0,0,0,0,45
arsuk,uk,Desk_lamp_Wireless-Black,X001CXVYOX,B07HJ33ZVP,"ARSUK LED Desk Lamp with Wireless Charger, USB Charging Port, Touch Control, Eye-Caring Study Table Lamp, 3-Level Brightness, 4-Colors Daylight Lamp for Office, Reading, Bedroom, Home, Work, Study",New,23.39,No,,Yes,19,19,0,0,19,2728.28,0,0,0,0,0,0,19,0
arsuk,uk,DxPP_Milky_White_marble_200pc,X000W1BOFZ,B01M34X83K,"ARSUK Cat's Eye Marbles, Glass Marbles, Comes in a bag, Protection against damage, Sports Toys & Outdoor Games (160-170 Pcs Milky Marble)",New,9.25,No,,Yes,0,0,0,0,0,1299,0,0,0,0,0,0,0,0
arsuk,uk,EU_3Xpp_0.20g_1000_White_Pellets_Bio,X0011HB2SX,B07T3K1TMS,ARSUK BB Pellets Air Rifle Pistol Airgun Pellets Balls High Grade Paintball Pellets Sniper heavyweight Tracer 6mm 0.20g 1000 Pellets-white-bio,New,6.95,No,,Yes,53,53,0,0,53,351.83,0,0,0,0,0,0,53,0
arsuk,uk,EU_5xpp_SpeedLoader-155_BLK,X0012CTXMJ,B00FV012L0,ARSUK Airsoft Plastic 155 Count Round Speed Loader Black For 6mm BB Pellets,New,7.99,No,,Yes,199,199,0,0,199,389.19,0,0,0,0,0,0,199,0
arsuk,uk,EU_Axpp_Milky_Marbles_packof40,X0011C7IC7,B0019AJNRG,"Cat's Eye Marbles, Glass Marbles, Comes in a bag, Protection against damage, Sports Toys & Outdoor By ARSUK (40pcs Milky Marble)",New,5.13,No,,Yes,78,78,0,0,78,283.99,0,0,0,0,0,0,78,0
arsuk,uk,EU_Axpp_mixed_Marbles_packof40,X0011HZZO5,B003XIYMDM,"ARSUK Cat's Eye Marbles, Coloured Glass Marbles Comes in a Bag for Toys Kids Party Gift Playing Ring Hole Off the Wall Games (40 PCs Colour Marbles) (40 color)",New,5.99,No,,Yes,90,90,0,0,90,282.19,0,0,0,0,0,0,90,0
arsuk,uk,EU_Speed_Loader_90_rounds_BLK_Cxpp,X000ZGG6MN,B00GAXBP9Q,ARSUK Airsoft Paintball Speed Loader with High Capacity Loading Tool for 6mm BB pellets (Speed Loader 90 Round Black),New,7.69,No,,Yes,303,300,0,1,303,323.97,0,0,0,2,0,0,300,0
arsuk,uk,EU_neck&Desk_MAGNIFIER-MG11B-1,X000X431LV,B016WCRUJS,"ARSUK Magnifying Glass with Light, Large Magnifying Glass with LED Lights, Magnifier for Reading Books, Hobbies, Sewing, Crafts, Handcraft, Seniors Read, Macular Degeneration, Jewellery, Map, Stamps",New,9.99,No,,Yes,228,225,0,3,228,1178.23,0,0,0,0,0,0,225,0
arsuk,uk,Eu_Ars_Marble_Runs_152pcs,X00180MPMZ,B07JVRGPPL,"ARSUK Marble Run 152pcs Construction toys, Marble Run For Kids Educational Learning Toy for Boys and Girls 3+Years Old",New,30.99,No,,Yes,51,51,0,0,51,12902.52,0,0,0,0,0,0,51,0
arsuk,uk,Eu_Color-Marble_50pcs_3xpp,X000WZLY5L,B07JC66ZCT,"ARSUK Cat's Eye Marbles, Glass Marbles, Comes in a bag, Protection against damage, Sports Toys & Outdoor Games (40 Pcs Colour Marble)",New,5.59,No,,Yes,85,64,0,21,349,329.54,0,264,0,0,0,264,64,0
arsuk,uk,ExEP_TMI-603_Light Blue Paper Print,X001M51W8T,B01ETD6E76,"ARSUK Professional Light Blue Paper Print Colour- Barber Hairdressing/Cutting Scissor of 6""-15.25 cm(Approx) Hairdressing Scissors -Shears Scissors -Styling Scissor-Grooming Scissor-Very Rare Stylish Professional Scissors ESPECIALLY MADE WITH PREMIUM QUALITY HIGH CARBON STAINLESS STEEL",New,10.99,Yes,0,No,0,0,0,0,0,,0,0,0,0,0,0,0,0
arsuk,uk,ExEP_tm--601_Black polish,X001M52WKV,B01EVX0OFM,"ARSUK Professional Barber Salon Scissors Powder Coating Black Colour 6""-15.25cm(approx) Razor Sharp Edge Hairdressing Styling Grooming Shears Made from High Carbon Tempted Stainless Steel with Removable Finger Rest",New,5,Yes,0,No,0,0,0,0,0,,0,0,0,0,0,0,0,0
arsuk,uk,ExPP_Chelsea_Kids_gloves_Bule_New,X001LRJB1X,B01HKN2890,ARSUK - CHELSEA Goal Keeper Gloves for Kids Football Goal Gloves Finger Save,New,4.99,No,,Yes,0,0,0,0,0,,0,0,0,0,0,0,0,0
arsuk,uk,FBA 3PP_12pc_Glass_Shape_Pebbles,X0011KHAAT,B07TVD3Y5T,"ARSUK Decorative Glass Pebbles, Stones Beads Rounded, Stones, Gems (Mixed Colours Available) (12pcs Art Glass Pebbles)",New,4.99,No,,Yes,34,34,0,0,34,356.42,0,0,0,0,0,0,34,0
arsuk,uk,FBA 4PP_10pc_Doted_Marbles,X0011LWQR5,B07TXGV7MM,"ARSUK 10pcs Large Handmade Flowerish Style Glow in the Dark Doted Style Glass Marbles, Sports Toys & Outdoor (10 Pcs Doted Marbles)",New,10.99,No,,Yes,60,60,0,0,60,279.89,0,0,0,0,0,0,60,0
arsuk,uk,FBA-1059-PET-PAW-SCISSORS,X001KHJB1T,B088P5M1MF,"ARSUK Professional Paw Scissors Pet Grooming Scissors & Face Hair Remover Length 4.5"" (11.43 cm) Stainless Steel with Rounded Tips for Secure Cutting",New,6.99,No,,Yes,0,0,0,0,0,69.81,0,0,0,0,0,0,0,0
arsuk,uk,FBA-155_Speed_Loader_Transparent,X000Z76BR7,B07L4PWHPN,ARSUK Airsoft Plastic 155 Count Round Speed Loader Transparent/Clear For 6mm BB Pellets,New,8.99,No,,Yes,0,0,0,0,0,295.46,0,0,0,0,0,0,0,0
arsuk,uk,FBA-1xMop_Head_Expp,X0019IIXVD,B08M41QDN8,ARSUK Mop Bucket with Telescopic Mop Handle and Replacement Mop Heads (1 x Mop Head),New,4.99,No,,Yes,0,0,0,0,0,2887.56,0,0,0,0,0,0,0,0
arsuk,uk,FBA-31cm-Gun-Case-Pack-2-Blk,X001KSYW17,B0B2WRV241,"ARSUK Airsoft Hard Case Sports Tactical for BB Airsoft Cases Dual Lock System with Soft Foam Pack of 2, 31x24x5cm",New,27.99,No,,Yes,0,0,0,0,0,,0,0,0,0,0,0,0,0
arsuk,uk,FBA-5x4p_Clear-Code:ARS04-TP_2xPacks,X000WK3X1T,B0053ZRV6I,ARSUK 1Kg Decorative Round Clear Mixed Size Glass Pebbles/Nuggets.16-20mm,New,17.99,No,,Yes,20,14,2,3,20,1180.03,0,0,0,1,0,0,0,14
arsuk,uk,FBA-5x7p_ARS04-TP Clear-2xPacks,X000WU21L7,B01N0CHNT7,"ARSUK Ciottoli, Perle e ciottoli in Vetro, Vetro Nuggets, Gemme Forma Rotonda, pietre decorative arrotondate per vasi, acquario e decorazioni (170-180 pcs/0.955kg Transparent Pebbles)",New,18.99,No,,Yes,27,18,3,6,27,1234.6,0,0,0,0,0,0,0,18
arsuk,uk,FBA-5x99_Snuffer_8049_Wooden_Handle,X00139WCQF,B004IZT9PA,"ARSUK Candle Snuffer, Candle Extinguisher Put Out Tool For Safe Extinguishing, Made of Stainless Steel Solid Brass 30x5 cm (Wooden Handle)",New,7.99,No,,Yes,83,83,0,0,83,864.42,0,0,0,0,0,0,83,0
arsuk,uk,FBA-5xpp_Code:8049_Wooden_Handle,X000Y7I70R,B07HY2QR2D,"ARSUK Candle Snuffer Fire Extinguisher Candle Cover Tool For Safe Extinguishing, Made of Stainless Steel 30x5 cm (Wooden Handle)",New,8.59,No,,Yes,34,33,0,1,134,937.5,100,0,0,0,0,0,33,0
arsuk,uk,FBA-639-PET-PAW-SCISSORS,X001H09HX1,B088P5M1MF,"ARSUK Professional Paw Scissors Pet Grooming Scissors & Face Hair Remover Length 4.5"" (11.43 cm) Stainless Steel with Rounded Tips for Secure Cutting",Unknown,,,,,0,0,0,0,0,69.81,0,0,0,0,0,0,0,0
arsuk,uk,FBA-6x49_ClearPebbles:ARS04TP-2xpacks,X000V6CM7F,B00L92HNR6,ARSUK 170-180 pcs Clear Pebbles Round Decorative Glass Pebbles / Stones / Beads / Nuggets / Gems / Mosaic Tiles (0.955 kg approx.),New,17.99,No,,Yes,71,68,1,2,71,2527.21,0,0,0,0,0,0,0,68
arsuk,uk,FBA-6xpp_Code:ARS04R-180pcs-Red,X001JDQ95P,B07HPCXDQH,"ARSUK Decorative Glass Pebbles, Stones Beads Rounded, Stones, Gems (170-180pcs/955gm Red Pebbles)",New,11.99,No,,Yes,18,18,0,0,38,1039.92,20,0,0,0,0,0,18,0
arsuk,uk,FBA-6xpp_Code:ARS04R-200pcs-Red,X000WMHNHH,B07HPCXDQH,"ARSUK Decorative Glass Pebbles, Stones Beads Rounded, Stones, Gems (170-180pcs/955gm Red Pebbles)",New,10.39,No,,Yes,5,5,0,0,5,1039.92,0,0,0,0,0,0,5,0
arsuk,uk,FBA-6xpp_Code:ARS04Y-100pcs-Yellow,X0017K3QVZ,B08DFPH7H6,ARSUK Glass Pebbles Decorative Stones Beads Nuggets Gems Mosaic Tiles for Vases Craft Garden Bowls Fish Tank (70-80 pcs yellow pebbles),New,15.99,No,,Yes,9,9,0,0,9,436.88,0,0,0,0,0,0,9,0
arsuk,uk,FBA-6xpp_Code:ARS04Y-180pcs-Yellow,X001JDNYIF,B07HPBMSSM,"Decorative Glass Pebbles, Stones Beads Rounded, Stones, Gems (Mixed Colours Available) by ARSUK® (170-180 pcs/955gm Yellow Pebbles)",New,22.99,No,,Yes,20,20,0,0,20,1135.3,0,0,0,0,0,0,20,0
arsuk,uk,FBA-6xpp_Code:ARS04Y-200pcs-Yellow,X000WEXXKL,B07HPBMSSM,"Decorative Glass Pebbles, Stones Beads Rounded, Stones, Gems (Mixed Colours Available) by ARSUK® (170-180 pcs/955gm Yellow Pebbles)",New,16.99,No,,Yes,19,19,0,0,19,1135.3,0,0,0,0,0,0,19,0
arsuk,uk,FBA-80pcs_460gm_Black_pebble,X001JDQOX7,B076NNWGSN,ARSUK Glass Pebbles Decorative Stones Beads Nuggets Gems Mosaic Tiles for Vases Craft Garden Bowls Fish Tank (70-80 black pebbles),New,15.39,No,,Yes,40,40,0,0,40,496.04,0,0,0,0,0,0,40,0
arsuk,uk,FBA-8xpp_code:ARS-50L-WB-50L_WaterBAg,X0010NKHGB,B07QW5PHDK,"ARSUK Water Carrier, Wheelbarrow Collapsible 50l Large Water Bag for Garden & Farm 36.6 x 25 x 4cm, 300gram (Blue)",New,11.99,No,,Yes,46,45,0,1,46,4039.74,0,0,0,0,0,0,45,0
arsuk,uk,FBA-ARS-Blue-90-Rnd-BB-Loader,X001KKZSAJ,B0B215CJ5L,ARSUK Airsoft Paintball Speed Loader with High Capacity Loading Tool for 6mm BB pellets (Speed Loader 90 Round Blue),New,8.99,No,,Yes,7,7,0,0,7,138.47,0,0,0,0,0,0,7,0
arsuk,uk,FBA-ARS-TG03-Funnel-Target-Holder,X001MB2151,B0B9YC23CZ,ARSUK Airsoft Target Holder Cone Funnel bb Pellets Trap For Indoor and Outdoor Shooting 15 * 15cm,New,12.99,No,,Yes,0,0,0,0,0,,0,0,0,0,0,0,0,0
arsuk,uk,FBA-ARS_GlassFoodContainers-6pcsx200ml,X001FZ6SW1,B09H3BYKC6,ARSUK Glass Baby Food Storage Containers Small Tupperware Weaning Bowls - Snack Pots for Toddlers Mini Food Preparation Freezer Boxes | 6 x 200ml - Colourful Airtight Lids,New,19.39,No,,Yes,54,54,0,0,54,5244.35,0,0,0,0,0,0,54,0
arsuk,uk,FBA-B0xpp_Code:80042_5inch_shipbell,X0010SZ3Z1,B01CD82LJY,"ARSUK Last order bell, Hanging ship bell, Pub bell last orders, Traditional wall mounted bell, Brass bell with durable rope, home bar bell & wall hung bell",New,26.99,No,,Yes,21,20,0,1,69,3043.24,48,0,0,0,0,0,20,0
arsuk,uk,FBA-B5xPP_code:ARS-GD001_2_PairBoot_Rack,X000WQ2SM3,B071W1WGRW,"ARSUK Welly Boot Rack - Metal Wellington Boots Stand Outdoor, Cast Iron and Rustproof Wellies Storage Racks & Holder - 2 Pair & 4 Pair Boot Rack",New,26.99,No,,Yes,31,31,0,0,31,5473.93,0,0,0,0,0,0,31,0
arsuk,uk,FBA-BxPP_Str-Tmi-1169_Nail_scissor_7cm,X0010RKHKN,B01DX40WV6,ARSUK Nail Scissors Curved 3.5 inch Trimmer for Fingernails Men and Women Pedicure Beauty Tools Stainless Steel,New,4.67,No,,Yes,21,21,0,0,21,41.95,0,0,0,0,0,0,21,0
arsuk,uk,FBA-BxPP_TMI-1167_safety/cuticlescissors,X0010Q2E91,B01MXO0SDD,ARSUK Professional Nail Scissors Straight for Men Women to Cut Toe & Fingernail by Flat Fine Pointed Edge Straight Blade,New,4.59,No,,Yes,1,1,0,0,1,54.08,0,0,0,0,0,0,1,0
arsuk,uk,FBA-CxGP_TMI-1160_ Nail Scissors,X0010RKG7H,B01DQCTU9U,"Curved Pointed Nail Scissors Manicure Pedicure Stainless Steel Cuticle Scissor for Ingrowing toenail fingernail Trimmer Multi-Purpose Grooming Beauty Tools for Eyebrow, Eyelash, Dry Skin for Unisex",New,4.52,No,,Yes,26,26,0,0,26,66.86,0,0,0,0,0,0,26,0
arsuk,uk,FBA-DxD9_Small-120ml_Containers(16pc),X0012CLNC7,B01I5GDLX8,Baby Food Container Freezer Cube Trays Weaning Pots Tubs Stacking Containers (Pack 16 Mini),New,11.79,No,,Yes,267,250,1,16,267,1842.23,0,0,0,0,0,0,250,0
arsuk,uk,FBA-England_Gloves,X0011INYLP,B07J4VK5XX,"ARSUK Goalkeeper Gloves, Junior Goalkeeper Gloves Stronge Grip for the Toughest Saves and Finger Protection",New,4.34,No,,Yes,7,7,0,0,7,472.93,0,0,0,0,0,0,7,0
arsuk,uk,FBA-Green_Spray_Mop,X000WX5XF5,B07J57VQ5N,ARSUK Spray Mop for Hardwood Laminate Tiles Marble Floor Wet and Dry Vinyl with Active Trigger Window Cleaner Sweeping,New,23.99,No,,Yes,0,0,0,0,0,9270.16,0,0,0,0,0,0,0,0
arsuk,uk,FBA-SL-Kids-Gloves-CHELSEA-size-06_5xpp,X001D3VAF5,B07JPK1GVQ,"ARSUK® Goalkeeper Gloves, Junior Goalkeeper Gloves Stronge Grip for the Toughest Saves and Finger Protection (CHELSEA-Size:06)",New,4.34,No,,Yes,20,20,0,0,20,312.01,0,0,0,0,0,0,20,0
arsuk,uk,FBA-TMI-1302-4-Lemon-Tweezers,X001H0CU67,B07SFF6C25,"ARSUK Eyebrow Tweezers Professional Stainless Steel Precision Hair Slant Fine Tip pointy small light Tweezer for Eyebrows Ingrown Hair Plucking, and Facial Hair Remover Tool for Women and Men",New,4.49,No,,Yes,42,41,1,0,42,37.2,0,0,0,0,0,0,41,0
arsuk,uk,"FBA-TMI_601_BPC6""_6xPP",X000WVZ9DN,B004V9BDYI,"Arsuk Hair Dress Scissors for Barber/Salon Style Haircut - Razor Edge Sharp Hair Scissors for Man, Women, Kids, Adults & Pet - Stainless Steel Hairdressing Scissors 6.5 Inch",New,5.99,No,,Yes,1,1,0,0,1,375.43,0,0,0,0,0,0,1,0
arsuk,uk,FBA3xpp_500gm/packof1_Black_pebble,X0010AQL69,B076NNWGSN,ARSUK Glass Pebbles Decorative Stones Beads Nuggets Gems Mosaic Tiles for Vases Craft Garden Bowls Fish Tank (70-80 black pebbles),New,14.39,No,,Yes,20,20,0,0,20,496.04,0,0,0,0,0,0,20,0
arsuk,uk,FBA_ 6xpp_200PCS _BLACK_Pebbles,X0014T1FMB,B07G3GDJRT,"Decorative Glass Pebbles, Stones Beads Rounded, Stones, Gems (Approx-170-180Pcs/955gm) by ARSUK (Black)",New,20.99,No,,Yes,0,0,0,0,0,1151.68,0,0,0,0,0,0,0,0
arsuk,uk,FBA_ 960gm_180PCS _BLACK_Pebbles,X001JDRJ4Z,B07G3GDJRT,"Decorative Glass Pebbles, Stones Beads Rounded, Stones, Gems (Approx-170-180Pcs/955gm) by ARSUK (Black)",New,15.99,No,,Yes,23,23,0,0,23,1151.68,0,0,0,0,0,0,23,0
arsuk,uk,FBA_ AAxPP_code:80045_Wooden_Hand_Bell,X001152H4X,B008Y1NLIU,"ARSUK Traditional style School/Reception/Dinner hand bell with wooden handle (4"" Solid Brass)",New,17.49,No,,Yes,242,242,0,0,242,7113.79,0,0,0,0,0,0,242,0
arsuk,uk,FBA_0.20G_5000_Pellets_Bio_Tub_White,X0016FT4F3,B088HB2QV9,"ARSUK Airsoft BB Pellets Balls High Grade Paintball heavy Duty and Smooth Polished - in Bottles and Bags - 6mm 0.12g,0.20g,0.30g,0.40g BB 2000,3000,4000,5000,10000 Round (0.20g 5000 Pellets Bio-White)",New,18.99,No,,Yes,23,22,0,1,23,1326.7,0,0,0,0,0,0,22,0
arsuk,uk,FBA_100pcs_Green_Pebbles,X0010C8Y5X,B07P1TD467,"ARSUK Decorative Glass Pebbles, Stones Beads Rounded, Stones, Gems (70-80pcs/455grams Green Pebbles)",New,12.28,No,,Yes,30,30,0,0,30,831.97,0,0,0,0,0,0,0,30
arsuk,uk,FBA_10pc_Glow_inthedark_Marble,X001J7N2H9,B07TVD228J,ARSUK large handmade flowers glow in the dark dotted glass marbles sports toys & outdoor,New,14.99,No,,Yes,95,95,0,0,95,312.01,0,0,0,0,0,0,95,0
arsuk,uk,FBA_12inch_guncase_Black_9xPP_EBA,X000E3NYG3,B00EL8R5WS,ARSUK Airsoft Hard Case Sports Tactical for BB Airsoft Cases Dual Lock System with Soft Foam,New,15.1,No,,Yes,43,40,1,2,107,5047.05,64,0,0,0,0,0,40,0
arsuk,uk,FBA_180pcs_ARS04BL_Black pebbles(960gm),X001JDM4W7,B077P65BJZ,ARSUK Glass Pebbles Decorative Stones Beads Nuggets Gems Mosaic Tiles for Vases Craft Garden Bowls Fish Tank (170-180 Black Pebbles),New,19.99,No,,Yes,20,20,0,0,20,963.07,0,0,0,0,0,0,20,0
arsuk,uk,FBA_180pcs_ARS04MX_Mix_pebbles_(960gm),X001JDM4JF,B077P4X78G,"ARSUK Glass Pebbles Decorative Stones Beads Nuggets Gems Mosaic Tiles for Vases Craft Garden Bowls Fish Tank (170-180pcs, 955gm approximate)",New,11.99,No,,Yes,20,20,0,0,20,1542.02,0,0,0,0,0,0,20,0
arsuk,uk,FBA_180pcs_GreenPebbles:ARS05GR_960gm,X001JDSWTV,B00JDLP8RC,"Decorative Glass Pebbles, Stones Beads Rounded, Stones, Gems by ARSUK (170-180pcs/955grams Green Pebbles)",New,11.49,No,,Yes,48,48,0,0,48,1561.52,0,0,0,0,0,0,48,0
arsuk,uk,FBA_1X_27W Replacement Bulb-8X99,X0012K82VJ,B014GM8O64,ARSUK Table Lamp Near Daylight High Vision Desktop Light (27W Replacement Bulb),New,9.69,No,,Yes,71,71,0,0,71,1479.26,0,0,0,0,0,0,71,0
arsuk,uk,FBA_2 x MOP HEAD,X0010ZDT9V,B0156IT9C0,2 Pack Replacement Mop Heads Refill for 360° Rotating Round Spin Magic Microfibre,New,7.99,No,,Yes,40,39,0,1,40,3598.6,0,0,0,0,0,0,39,0
arsuk,uk,FBA_27W_Replacement_Bulb_Expp,X000FMAYGB,B014GM5K8E,ARSUK 27W Replacement Fluorescent Light Bulb for Natural Daylight/ Sunlight FML LAMP (Ideal for BB-DL210),New,9.69,No,,Yes,162,162,0,0,171,1629.86,0,0,9,0,0,0,162,0
arsuk,uk,FBA_27W_naturalbulb_packof1_Expp,X000IX87OD,B003ZJESKG,ARSUK Natural light 27 Watt Tube Replacement Bulb 4 Pin GX10Q-4 (6500k) Daylight Reading Study Desk Lamps Lights,New,9.49,No,,Yes,88,86,0,1,88,1445.99,0,0,0,1,0,0,86,0
arsuk,uk,FBA_27w-Bulb_Pack-2,X001KN8PD3,B0B29GKTY5,ARSUK 27W Replacement Fluorescent Light Bulb for Natural Daylight/ Sunlight FML LAMP (2),New,14.69,No,,Yes,40,37,0,3,40,3316.25,0,0,0,0,0,0,37,0
arsuk,uk,FBA_30X_Magnifying_Glass_with_12LED,X001CWRV0Z,B07XY4ZJHG,"ARSUK Magnifying Glass with Light, Large Magnifying Glass with LED Lights, Magnifier for Reading Books, Hobbies, Sewing, Crafts, Handcraft, Seniors Read, Macular Degeneration, Jewellery, Map, Stamps",New,12.99,No,,Yes,38,38,0,0,38,396.08,0,0,0,0,0,0,38,0
arsuk,uk,FBA_3xpp_500gm/packof1_Blue_pebbles,X0010AQZ5L,B076CFJSZF,ARSUK Glass Pebbles Decorative Stones Beads Nuggets Gems Mosaic Tiles for Vases Craft Garden Bowls Fish Tank (70-80 Blue Pebbles),New,13.99,No,,Yes,10,10,0,0,10,592.88,0,0,0,0,0,0,10,0
arsuk,uk,FBA_3xpp_500gm/packof1_Green_pebble,X0010MUIM5,B076CDSP2D,ARSUK Glass Pebbles Decorative Stones Beads Nuggets Gems Mosaic Tiles for Vases Craft Garden Bowls Fish Tank (70-80 Green Pebbles),New,11.99,No,,Yes,0,0,0,0,0,682.19,0,0,0,0,0,0,0,0
arsuk,uk,FBA_3xpp_500gm/packof1_Mixed_pebbles,X0010CFBWH,B076CFZVVX,"ARSUK Decorative Glass Pebbles, Stones Beads Rounded, Stones, Gems (70-80pcs Mixed Colour)",New,12.99,No,,Yes,18,18,0,0,18,668.59,0,0,0,0,0,0,0,18
arsuk,uk,FBA_3xpp_500gm/packof1_TP_pebble,X0010P9C4R,B076NQK4KW,"ARSUK Decorative Glass Pebbles, Stones Beads Rounded, Stones, Gems (70-80 pcs/455gm Transparent Pebbles)",New,15.49,No,,Yes,2,1,0,1,2,598.29,0,0,0,0,0,0,1,0
arsuk,uk,FBA_4PP_10pc_Glow_inthedark_Marbles,X0011KHKI1,B07TVD228J,ARSUK large handmade flowers glow in the dark dotted glass marbles sports toys & outdoor,New,12.59,No,,Yes,85,85,0,0,85,312.01,0,0,0,0,0,0,85,0
arsuk,uk,FBA_4xpp_GreenPebbles:ARS05GR_1.5XPACKS,X0010MV1IZ,B00JDLP8RC,"Decorative Glass Pebbles, Stones Beads Rounded, Stones, Gems by ARSUK (170-180pcs/955grams Green Pebbles)",New,17.99,No,,Yes,49,46,0,3,49,1561.52,0,0,0,0,0,0,0,46
arsuk,uk,FBA_5.pp_0.20g_Bag of 2000-BLACK,X001090AVH,B07QSBXL8S,"ARSUK Airsoft BB Pellets Balls High Grade Paintball heavy Duty and Smooth Polished - in Bottles and Bags - 6mm 0.12g,0.20g,0.30g,0.40g BB 2000,3000,4000,5000,10000 Rounds(0.20g Bag of-2000 Black)",New,7.69,No,,Yes,37,35,0,2,37,760.2,0,0,0,0,0,0,35,0
arsuk,uk,FBA_50153_Coaster_Set,X0010X6HHT,B007N66IO6,"ARSUK Natural Slices Wooden Bamboo Round Coaster Set 6pcs with Holder for Home & Kitchen, Cold Drinks and Hot Beverage",New,19.99,No,,Yes,0,0,0,0,0,677.11,0,0,0,0,0,0,0,0
arsuk,uk,FBA_5x49_Pebbles-Blue-ARS04BU-2xpacks,X0010MUEC9,B00L92HNNK,"The Glass Pebble Shop JJ-3M2Z-MRKL, Midnight Blue Decorative Glass Pebbles, 1kg Pack.",New,16.99,No,,Yes,9,9,0,0,9,1222.97,0,0,0,0,0,0,9,0
arsuk,uk,FBA_5xpp_0.12g Bag of-2000 Yellow,X00108ZKIL,B07MF2C1D6,"ARSUK Airsoft BB Pellets Balls High-Grade Paintball heavy Duty and Smooth Polished - in Bottles and Bags - 6mm 0.12g,0.20g,0.30g,0.40g BB 2000,3000,4000,5000,10000 Rounds(0.12g Bag of-2000 Yellow)",New,5.99,Yes,0,No,0,0,0,0,0,756.75,0,0,0,0,0,0,0,0
arsuk,uk,FBA_5xpp_Blue-200PCS _(1KG),X0012XWEBF,B07G3FYHRK,"Decorative Glass Pebbles, Stones Beads Rounded, Stones, Gems -170-180 PCS (955gm) by ARSUK (Blue)",New,22.99,No,,Yes,19,18,1,0,19,1492.04,0,0,0,0,0,0,0,18
arsuk,uk,FBA_6xPP_BB-DB409_80L_Water_Carrier,X000JGV1L5,B01FWJYN92,"ARSUK H2go Water Bag 80l, Large Water Container For Building Constructions, Gardening, Farm Equestrian, Outdoors Cattle Feeding Livestock Wheelbarrow Water Carrier",New,14.99,No,,Yes,74,72,1,1,74,5299.9,0,0,0,0,0,0,72,0
arsuk,uk,FBA_6xPP_BB-DB409_Water_Bag_80L,X0016QVEJL,B00JJS9KT6,William Hunter Equestrian H2go Bag - 80 litre - A way of transporting up to 80 litres of water in a wheel barrow where there is no hosepipe available.,New,15.29,No,,Yes,42,42,0,0,42,5881.65,0,0,0,0,0,0,42,0
arsuk,uk,FBA_6xppBabyContainerARS-78805Medium8pcs,X000V3BOS1,B07DNBF2X4,ARSUK Baby Food Storage Freezer Containers Weaning Snack Pots - Toddler Feeding Bowls BPA Free (Pack of 8-250ml),New,9.05,No,,Yes,203,203,0,0,277,1693.44,72,0,2,0,0,0,203,0
arsuk,uk,FBA_6xpp_Mixed-180PCS_(960gm),X001JDSSXV,B07G3FSBG2,"ARSUK Decorative Glass Pebbles, Stones Beads Rounded, Stones, Gems (170-180pcs, 955gm Approx. Mixed Pebbles)",New,12.99,No,,Yes,47,47,0,0,47,1491.71,0,0,0,0,0,0,47,0
arsuk,uk,FBA_6xpp_Mixed-200PCS_(1KG),X0013FLPTJ,B07G3FSBG2,"ARSUK Decorative Glass Pebbles, Stones Beads Rounded, Stones, Gems (170-180pcs, 955gm Approx. Mixed Pebbles)",New,16.99,No,,Yes,24,22,0,2,24,1491.71,0,0,0,0,0,0,0,22
arsuk,uk,FBA_78cps-Milky_white _marbles,X001JDTV1T,B01IDPMOOS,"ARSUK Cat's Eye Marbles, Glass Marbles, Comes in a bag, Protection against damage, Sports Toys & Outdoor Games (70-80Pcs Milky Marble)",New,7.99,No,,Yes,32,32,0,0,32,673.67,0,0,0,0,0,0,32,0
arsuk,uk,FBA_7x4pPebbles_ClearARS04-TP-2XPACKS,X000UCZ1EB,B01CX9N502,ARSUK 200 Glass Pebbles Nuggets Beads Stones Mosaic Clear,New,18.99,No,,Yes,14,9,4,1,14,992.89,0,0,0,0,0,0,0,9
arsuk,uk,FBA_80043_Ship_Bell_Brass_6inch,X00176BMN3,B00MEBXYLU,"ARSUK Last orders bell, Home bar pub bell, Traditional design Wall mounted ship bell, Brass hanging bell with durable rope, Nautical Bell & last order bells",New,29.99,No,,Yes,67,65,0,1,67,4101.03,0,0,0,1,0,0,65,0
arsuk,uk,FBA_80pcs_460gm/packof1_Green_pebble,X001JDT5AL,B076CDSP2D,ARSUK Glass Pebbles Decorative Stones Beads Nuggets Gems Mosaic Tiles for Vases Craft Garden Bowls Fish Tank (70-80 Green Pebbles),New,7.99,No,,Yes,24,24,0,0,24,682.19,0,0,0,0,0,0,24,0
arsuk,uk,FBA_80pcs_460gm_Mixed_pebbles,X001JDQQCV,B076CFZVVX,"ARSUK Decorative Glass Pebbles, Stones Beads Rounded, Stones, Gems (70-80pcs Mixed Colour)",New,8.99,No,,Yes,27,27,0,0,27,668.59,0,0,0,0,0,0,27,0
arsuk,uk,FBA_80pcs_460gm_TP_pebble,X001JDSZZH,B076NQK4KW,"ARSUK Decorative Glass Pebbles, Stones Beads Rounded, Stones, Gems (70-80 pcs/455gm Transparent Pebbles)",New,15.49,No,,Yes,0,0,0,0,40,598.29,0,40,0,0,0,40,0,0
arsuk,uk,FBA_80pcs_Green_Pebbles,X001JDRMXN,B07P1TD467,"ARSUK Decorative Glass Pebbles, Stones Beads Rounded, Stones, Gems (70-80pcs/455grams Green Pebbles)",New,8.99,No,,Yes,37,33,0,4,37,831.97,0,0,0,0,0,0,33,0
arsuk,uk,FBA_8pcs-plastic-box-Small,X000V3GMFB,B01I5G50AA,8pcs Plastic Mini Storage Boxes Baby Weaning Feeding Freezer Food Pots Containers 120 ml,New,7.99,No,,Yes,256,252,0,4,482,899.32,224,0,2,0,0,0,252,0
arsuk,uk,FBA_8x99_0.20g_2000_Bio_btl_White,X0012KSAQV,B01F7LELII,"BB Pellets Air Rifle Pistol Airgun Pellets Balls High Grade Paintball Pellets Sniper heavyweight Tracer 6mm 0.12g,0.20g,0.30g,0.40g BB 2000,3000,4000,5000,10000 pellets (2000_Bio_btl_White)(2000_Bio_btl_White)",New,6.99,No,,Yes,0,0,0,0,0,760.52,0,0,0,0,0,0,0,0
arsuk,uk,FBA_8xc9_0.20g-2K-Pellets-BLACK,X00107G6S5,B00ATDQTYE,ARSUK Airsoft BB Pellets Balls High Grade Paintball heavy Duty and Smooth Polished,New,9.69,No,,Yes,36,36,0,0,36,581.58,0,0,0,0,0,0,36,0
arsuk,uk,FBA_8xc9_0.20g-2K-Pellets-WHT,X00107EZMT,B07QNLZ6DY,"ARSUK Airsoft BB Pellets Balls High Grade Paintball heavy Duty and Smooth Polished - in Bottles and Bags - 6mm 0.12g,0.20g,0.30g,0.40g BB 2000,3000,4000,5000,10000 Rounds(0.20g_2000 Pellets White)",New,9.59,No,,Yes,0,0,0,0,0,494.73,0,0,0,0,0,0,0,0
arsuk,uk,FBA_9xPP_0.20G-10000-BB_Pellets_White,X000ZY6RDD,B01CO1H4W4,"ARSUK Airsoft BB Pellets Balls High Grade Paintball heavy Duty and Smooth Polished - in Bottles and Bags - 6mm 0.12g,0.20g,0.30g,0.40g BB 2000,3000,4000,5000,10000 Rounds (0.20 bb 10K pellets white)",New,29.99,No,,Yes,12,12,0,0,12,3268.07,0,0,0,0,0,0,12,0
arsuk,uk,FBA_9xPP_code:ARS-GD010_Tool_rack,X00119N76V,B071SK2JNB,"ARSUK Garden Tool Rack Tool Hanger Tool Holder - Wall Mounted Storage Organizer Tool, Wall Holders for Tools, Brush Holder & Garage Hooks Organizers and Storage",New,16.99,No,,Yes,21,21,0,0,21,4409.43,0,0,0,0,0,0,21,0
arsuk,uk,FBA_A0_Co2_12gm_pack-of-10,X00112LH51,B00345AQNY,ARSUK Green Gas Airsoft Airgun Pistol Rifle grenade BB Gun Gas Predator powerlets ultra 12gm Co2 Cartridges Airsoft Capsules Blowback propellant gas (Co2(12g)-Pack of 10),New,11.49,No,,Yes,231,227,0,3,581,387.06,350,0,0,1,0,0,227,0
arsuk,uk,FBA_A0_Code:ARS-TG03-BK-Target-stand-lon,X0010CB9AZ,B07QX8M2FJ,ARSUK Airsoft Target Holder Cone Funnel bb Pellets Trap For Indoor and Outdoor Shooting with 50 Papers 15 * 15cm,New,18.79,No,,Yes,33,33,0,0,33,4183.62,0,0,0,0,0,0,33,0
arsuk,uk,FBA_A0xpp_Apple_peeler_Green,X0012J1URX,B00C4VJW8Y,ARSUK Apple Peeler - 3 in 1 Fruit Corer Cutter and Peeling Machine for Kitchen - Stainless Steel Apples Peelers & Cutters Tool - Easy to Peel and Spiralizer,New,14.49,No,,Yes,65,64,0,1,65,4119.22,0,0,0,0,0,0,64,0
arsuk,uk,FBA_A2xpp_0.20g-5000-tub-BLACK,X0010C3X7H,B07QMNC5CR,"ARSUK Airsoft BB Pellets Balls High Grade Paintball heavy Duty and Smooth Polished - in Bottles and Bags - 6mm 0.12g,0.20g,0.30g,0.40g BB 2000,3000,4000,5000,10000 Rounds (0.20 BB-5000-Tub-Black)",New,15.99,No,,Yes,9,9,0,0,49,1391.59,40,0,0,0,0,0,9,0
arsuk,uk,FBA_A2xpp_0.20g-5000-tub-White,X0010C4LXR,B07QQ2NJFR,"ARSUK Airsoft BB Pellets Balls High Grade Paintball heavy Duty and Smooth Polished - in Bottles and Bags - 6mm 0.20g, 5000, Rounds(0.20g 5000-Pellets-White)",New,15.99,No,,Yes,39,39,0,0,39,1373.56,0,0,0,0,0,0,39,0
arsuk,uk,FBA_A2xpp_0.20g_4000_bb_Black,X00112GDOB,B07ML68CWB,"ARSUK Airsoft BB Pellets Balls High Grade Paintball heavy Duty and Smooth Polished - in Bottles - 6mm 0.20g, 4000 Rounds(0.20g 4000 Pellets-Black)",New,10.99,Yes,0,No,0,0,0,0,0,1522.19,0,0,0,0,0,0,0,0
arsuk,uk,FBA_A2xpp_Code:ARS-TG04-BK-Target-Plate,X0010N1V2F,B07QYBRQ3Q,ARSUK Airsoft Swing Target Self Resetting For Indoor Outdoor Shooting Practice Heavy Duty Metal 36x27x20cm,New,18.49,No,,Yes,40,36,1,2,112,3090.76,72,0,0,1,0,0,36,0
arsuk,uk,"FBA_A4_Shipbell-3""_Code:1328",X0010TIX1L,B07RCHXPV2,"ARSUK Last order bell, Hanging ship bell, Pub bell last orders, Traditional wall mounted bell, Brass bell with durable rope, home bar bell & wall hung bell",New,23.99,No,,Yes,0,0,0,0,0,969.62,0,0,0,0,0,0,0,0
arsuk,uk,FBA_A6xpp_BallingGun_PlasticHead16.5inch,X0011K4Y6R,B01EAM1LYM,"Stomach Pump for Animal Cattle Sheep Cow Horse Cattle drench pump,rumen pump,Aggers Pump Stainless Steel Equine Stomach Pump Tube Equestrian Veterinary Surgical Instruments (Balling Gun -Plastic Head)",New,16.99,No,,Yes,0,0,0,0,0,979.78,0,0,0,0,0,0,0,0
arsuk,uk,FBA_A8xPP_code:TOL-01-Brass_Roll_Holder,X000W189NP,B06WP8TSLT,ARSUK Toilet roll Holder Paper Towel Tissue Set Kitchen Bathroom Wall Mounted Industrial matt cast Iron Vintage,New,22.99,No,,Yes,13,13,0,0,13,3839.65,0,0,0,0,0,0,13,0
arsuk,uk,FBA_A9xpp_Code:ARS-SM01_Split-mop,X0010R6JTV,B07R8DZZDH,"ARSUK Mop Bucket Set Magic 360° Spin with 2 Replacement Heads, Stackable Collapsible and Easy to Store (Split Mop Bucket Set)",New,29,No,,Yes,1,1,0,0,1,44115.29,0,0,0,0,0,0,1,0
arsuk,uk,FBA_ARS-6569_Apple_Divider_DXPP,X001481XAV,B072M4Q8R9,"ARSUK Apple Slicer - 3 in 1 Corer Cutter and Peeler, 8 Stainless Steel Blade Core Remover Tool & Press Machine - Fruit Cut Decore Cutters Corers Slices",New,6.49,No,,Yes,353,294,2,56,353,859.99,0,0,0,1,0,0,294,0
arsuk,uk,FBA_ARS-78804-8_8pcs_Mini_120ml_box,X001C8EH3N,B01I5G50AA,8pcs Plastic Mini Storage Boxes Baby Weaning Feeding Freezer Food Pots Containers 120 ml,New,7.95,No,,Yes,1,0,0,1,1,899.32,0,0,0,0,0,0,0,0
arsuk,uk,FBA_ARS-BootScraper,X001EDT6FF,B098BC676N,"ARSUK Boot Jack for Wellies - Welly Remover and Stand, Wellington Pull and Mud Cleaners with Brush - Heavy Duty Boots Scrapper Cast Iron Outdoors",New,32.99,No,,Yes,20,20,0,0,20,8495.22,0,0,0,0,0,0,20,0
arsuk,uk,FBA_ARS-CS-B01_Round,X001AOP75L,B08RY3BN4R,ARSUK Coasters Sets with Holder Set of 6 Heat Resistant Wooden Home Decor Kitchen Tools and Accessories,New,12.69,No,,Yes,54,51,0,3,54,968.64,0,0,0,0,0,0,51,0
arsuk,uk,FBA_ARS-CS-B02_Square,X001AOOU1D,B08RY35N6M,ARSUK Coasters Set of 6 Wooden Bamboo Drink Coaster Set with Holder Heat Resistant for Home Kitchen Table Housewarming Gift Decoration Protection,New,11.69,No,,Yes,57,57,0,0,57,701.69,0,0,0,0,0,0,57,0
arsuk,uk,FBA_ARS-DL20BLK_Desk_Lamp,X00180QWUL,B08FXQN79N,"ARSUK LED Desk Lamp with Wireless Charger, Eye-Caring Study Table Lamp, USB Charging Port, Touch Sensitive, 3-Level Brightness, 4-Colors Daylight Lamp for Home, Office, Reading, Work, Study, Bedroom",New,18.99,No,,Yes,0,0,0,0,0,2711.73,0,0,0,0,0,0,0,0
arsuk,uk,FBA_ARS-DL20WHT_Desk_Lamp,X00180SEUR,B08FXPHKLG,"ARSUK LED Desk Lamp with Wireless Charger, USB Charging Port, Touch Control, Eye-Caring Study Table Lamp, Daylight Lamp for Reading, Office, Home, Work, Study, Bedroom",New,22.99,No,,Yes,64,61,0,1,64,2767.28,0,0,0,2,0,0,61,0
arsuk,uk,FBA_ARS-Mop-Handle-Blue,X001HYQUFZ,B09PYMXVRM,ARSUK Mop Handle Set Home Cleaner with 2 Super Absorbent Microfibre Mop Heads 360° Rotating System Stainless Steel Telescopic Bar,New,16.99,No,,Yes,14,14,0,0,14,5634.2,0,0,0,0,0,0,14,0
arsuk,uk,FBA_ARS_0.20g-2K-White-Flat-Bottle,X001LUFHWH,B0B7HX36N3,ARSUK Airsoft BB Pellets 6mm BBs 0.20g High Grade and Smooth Polished Plastic Paintballs Content 2000 Rounds (Flat Bottle White),New,9.49,No,,Yes,94,93,0,0,94,685.96,0,0,0,1,0,0,93,0
arsuk,uk,FBA_ARS_152pc_Marble_Runs,X001AB8ZRL,B07TWGVPSG,"ARSUK Marble Run, 152 Pcs Toy Track Game Set, STEM Educational Learning Toy Construction Building Blocks for Kids 4 5 6 7+Years Old Boys and Girls",New,34.99,No,,Yes,56,56,0,0,56,12604.77,0,0,0,0,0,0,56,0
arsuk,uk,FBA_ARS_Code:31666_Can_Snuffer_Set,X0018ZRUJN,B07H9DJSGC,"ARSUK Candle Snuffer, Candle Wick Trimmer, Wick Dipper, Candle Accessory Set for Safe Fire Extinguishing Stainless Steel (Set of 3pcs)",New,15.29,No,,Yes,51,51,0,0,51,1068.44,0,0,0,0,0,0,51,0
arsuk,uk,FBA_ARS_GD001-2PairBootRack,X001EDXSNV,B098MQKWMY,"ARSUK Welly Boot Rack - Boot Stand Holds for 2 Pairs & 4 Pairs of Wellington Boots - Shoe Rack, Holder, Storage & Organizer",New,26.99,No,,Yes,22,22,0,0,22,5576.03,0,0,0,0,0,0,22,0
arsuk,uk,FBA_ARS_GD004-4PairBootRack,X001EDXSQN,B098MQ41CG,"ARSUK Welly Boot Rack - Boot Stand Holds for 2 Pairs & 4 Pairs of Wellington Boots - Shoe Rack, Holder, Storage & Organizer",New,33.99,No,,Yes,27,27,0,0,27,8436.88,0,0,0,0,0,0,27,0
arsuk,uk,FBA_ARS_GD04_4_Pair_Boot_Rack,X0012TE5QL,B07XTJ5BGD,"ARSUK Welly Boot Rack - Metal Wellington Boots Stand Outdoor, Cast Iron and Rustproof Wellies Storage Racks & Holder - 2 Pair & 4 Pair Boot Rack",New,33.99,No,,Yes,47,47,0,0,47,6573.18,0,0,0,0,0,0,47,0
arsuk,uk,FBA_Abbey-Lens-Cloth-O3X99,X0014N1H0R,B00LI0TOI0,Abbey Lens Cloth With Wallet Sights / Scopes Maintenance,New,3.29,No,,Yes,8,8,0,0,8,66.86,0,0,0,0,0,0,8,0
arsuk,uk,FBA_AppleDivider-Green,X001L6HR5B,B072M4Q8R9,"ARSUK Apple Slicer - 3 in 1 Corer Cutter and Peeler, 8 Stainless Steel Blade Core Remover Tool & Press Machine - Fruit Cut Decore Cutters Corers Slices",New,6.79,No,,Yes,90,90,0,0,90,859.99,0,0,0,0,0,0,90,0
arsuk,uk,FBA_Apple_Divider_Green,X001AAG1NR,B08PZ52HV8,"ARSUK Apple Slicer - 3 in 1 Corer Cutter and Peeler, 8 Stainless Steel Blade Core Remover Tool & Press Machine - Fruit Cut Decore Cutters Corers Slices",New,9.99,No,,Yes,3,1,2,0,3,1134.48,0,0,0,0,0,0,0,1
arsuk,uk,FBA_Aston_Heroes_Gloves,X001L5E7KF,B07K4SDZ9S,Goalie Goalkeeper Gloves kids Strong Grip for Soccer Football Gloves for Boys & Girls Junior Toughest Saves With Finger Support Strong Grip / Spines Fingersave Goal Keeper Match Training Glove,New,6.11,No,,Yes,20,20,0,0,20,254.82,0,0,0,0,0,0,20,0
arsuk,uk,FBA_B-78810-1_Food Containers_7pcs,X0015IVTR7,B084VLN6PD,ARSUK Food Containers Storage Lunch Boxes for Cereal Pasta Reusable Stackable - BPA Free Microwave Freezer Dishwasher Safe,New,12.59,No,,Yes,101,100,0,1,113,8495.05,0,0,12,0,0,0,100,0
arsuk,uk,"FBA_B0xpp_code:80042_5""-Ship-Bell",X0010TIX7P,B004XE1OCW,"ARSUK Last orders bell, Home bar pub bell, Traditional design Wall mounted ship bell, Brass hanging bell with durable rope, Nautical Bell & last order bells",New,25.99,No,,Yes,35,34,0,1,35,2907.72,0,0,0,0,0,0,34,0
arsuk,uk,"FBA_B1xpp_0.20g-10,000-tub-BLACK",X00107FDIT,B00G4AJ0QK,"ARSUK Airsoft BB Pellets Balls High Grade Paintball heavy Duty and Smooth Polished - in Bottles and Bags - 6mm 0.12g,0.20g,0.30g,0.40g BB 2000,3000,4000,5000,10000 Rounds (0.20 BB-10K-Tub-Black)",New,29.99,No,,Yes,20,20,0,0,20,3075.85,0,0,0,0,0,0,20,0
arsuk,uk,FBA_B1xpp_GD001_2Pairs-Boot Rack,X00108MCNH,B07QFFP2LX,"ARSUK Welly Boot Rack - Metal Shoe Racks Storage & Organizer, Wellington Boots Stand Outdoor, Cast Iron Outside Holder for Wellies (2 Pair & 4 Pair)",New,26.99,Yes,0,No,17,17,0,0,17,5551.77,0,0,0,0,0,0,17,0
arsuk,uk,"FBA_B5_21402-RUS_Castiron_Scroll_6""",X000XPTWNV,B07KQ5Q155,"ARSUK Door Bell Garden Farm Yard Ship Bell Cast Iron Vintage Style Wall mounted Brown/Black/Rustic Ornate (6"" /Cast Iron-Rustic)",New,20,No,,Yes,4,4,0,0,4,9340.13,0,0,0,0,0,0,4,0
arsuk,uk,"FBA_B7xpp_ShipBell_80043_Dia_6""",X0013D7A6X,B014HB6JZ2,"ARSUK Last order bell, Hanging ship bell, Pub bell last orders, Traditional wall mounted bell, Brass bell with durable rope, home bar bell & wall hung bell",New,30.99,No,,Yes,25,25,0,0,25,4182.8,0,0,0,0,0,0,25,0
arsuk,uk,FBA_Bayern_Munchen_Gloves,X001L79VFT,B083M8KHP3,Goalie Goalkeeper Gloves kids Strong Grip for Soccer Football Gloves for Boys & Girls Junior Toughest Saves With Finger Support Strong Grip / Spines Fingersave Goal Keeper Match Training Glove,New,11.99,No,,Yes,12,12,0,0,12,12276.04,0,0,0,0,0,0,0,12
arsuk,uk,FBA_Beard_Mustache_Scissors_1167,X001L7GMPV,B0B4SGLTLQ,ARSUK Hair Trimming Scissors,New,2.99,No,,Yes,0,0,0,0,0,75.05,0,0,0,0,0,0,0,0
arsuk,uk,"FBA_Bells_80045_4""_New",X0018SJ2M3,B002MQO358,"ARSUK Last Orders Dinner Ringing Hand Bell For Elderly 23.8 x 10.7 x 10.5, 240gm (Brass)",New,17.49,No,,Yes,24,24,0,0,24,2673.88,0,0,0,0,0,0,24,0
arsuk,uk,FBA_Blue_Pebbles_1KG,X001021VIF,B00L92HNN0,"ARSUK Glass Pebbles Decorative Stones Beads Nuggets Gems Mosaic Tiles for Vases Craft Garden Bowls Fish Tank (170-180 Pcs, 955gm Approx)",New,15.99,No,,Yes,8,8,0,0,8,1631.82,0,0,0,0,0,0,8,0
arsuk,uk,FBA_Boot-Scraper:18039-BLK,X001BUXXUP,B0714LDN8N,"ARSUK Cast Iron Boot Scraper with Brushes Outdoors - Welly Remover and stand, Outside Boot Cleaner Brush - Heavy Duty Wooden Puller and Jack for Wellingtons",New,32.99,No,,Yes,18,18,0,0,18,8744.3,0,0,0,0,0,0,18,0
arsuk,uk,FBA_Bx49_1197_Stork_Black&White,X0010KTF3Z,B01EVUD36W,"Embroidery Scissors Sewing Sharp Shears fabric crafting scissor for Threading Art Home crafts, Office Work, Stainless steel Vintage stork style safety Needlework Cross-Stitch Tailor Scissors.",New,4.99,No,,Yes,20,19,0,0,20,60.8,0,0,0,1,0,0,19,0
arsuk,uk,FBA_BxPP_Coloured_mXarbel_100pc,X001072I4V,B00IEBU1H4,ARSUK Cat's Eye Coloured Glass Marble Runs for Sports Games Toys & Outdoor,New,6.89,No,,Yes,32,32,0,0,32,837.22,0,0,0,0,0,0,32,0
arsuk,uk,FBA_Bxpp_ClearPeebles-ARS04-1xPack-500gm,X0010SH1UL,B00IFB6AD2,ARSUK Glass Pebbles Decorative Stones Beads Nuggets Gems Mosaic Tiles for Vases Craft Garden Bowls Fish Tank (70-80 Clear Pebbles),New,15.99,No,,Yes,25,23,1,1,25,1326.04,0,0,0,0,0,0,0,23
arsuk,uk,FBA_Bxpp_Green-ARS04GR-500gm,X0010VWG4J,B00IO8EB8C,ARSUK 80 Approx. Green Round Decorative Glass Pebbles / Stones / Beads / Nuggets,New,8.29,No,,Yes,20,19,0,0,20,673.02,0,0,0,1,0,0,19,0
arsuk,uk,FBA_C1Xpp_GD007-BLK-Peony_packof2,X0013ANIOJ,B07HMXBSQR,"ARSUK Plant Cages & Supports for Garden, Metal Peony Cages Frame & Rings for Outdoor House Plants 68 x 52 x 4 cm, 3.46kg (Black)",New,39.99,No,,Yes,7,7,0,0,7,14144,0,0,0,0,0,0,7,0
arsuk,uk,FBA_C1xPP_GD003_Conical_Support_Pack-3,X00138RNF1,B07RLXV1MR,"ARSUK Conical Plant Support Metal for Garden, Grow Through Circular Peony Cage with Steel Frame 78.5 x 37 x 6cm, 4.3kg(Black)",New,57.99,No,,Yes,9,9,0,0,9,17426.99,0,0,0,0,0,0,9,0
arsuk,uk,FBA_C1xPP_GD005_Conical_Peony_Pack-3,X0012RG5OX,B07RL6T63H,"ARSUK Peony Plant Support with Adjustable Ring, 3 Pack Metal Tomato cages for garden plants, flowers, Vine 50 x 30 x 25 cm -Black",New,40.99,No,,Yes,28,28,0,0,28,16199.92,0,0,0,0,0,0,28,0
arsuk,uk,FBA_COCA COLA MONEY,X000DC2JGB,B002X5Z4XS,Plastic Coca Cola Savings - Money Box / Bottle 30cm Fancy Money Box / Novelty Money Box,New,12.39,Yes,0,No,0,0,0,0,0,2588.66,0,0,0,0,0,0,0,0
arsuk,uk,FBA_Chelsea_Gloves,X001L5D6GL,B07JPK1GVQ,"ARSUK® Goalkeeper Gloves, Junior Goalkeeper Gloves Stronge Grip for the Toughest Saves and Finger Protection (CHELSEA-Size:06)",New,5.49,No,,Yes,16,16,0,0,16,312.01,0,0,0,0,0,0,16,0
arsuk,uk,FBA_Coca_Cola_29cm_Money_Bottle,X001CVEDD9,B002X5Z4XS,Plastic Coca Cola Savings - Money Box / Bottle 30cm Fancy Money Box / Novelty Money Box,New,14.25,No,,Yes,130,116,3,10,130,2588.66,0,0,0,1,0,0,116,0
arsuk,uk,FBA_Coloured_Marbel_167pc,X001JDRQ89,B00W3PQ29I,"ARSUK Cat's Eye Marbles, Glass Marbles, Comes in a bag, Protection against damage, Sports Toys & Outdoor Games (160-170 Pcs, 955gm Approx.)",New,10.99,No,,Yes,34,31,0,3,34,1306.05,0,0,0,0,0,0,31,0
arsuk,uk,FBA_Coloured_mXarbel_78pc,X001JJ1611,B00IEBU1H4,ARSUK Cat's Eye Coloured Glass Marble Runs for Sports Games Toys & Outdoor,New,10.99,No,,Yes,47,40,7,0,47,837.22,0,0,0,0,0,0,0,40
arsuk,uk,FBA_Cxpp_0.20g-2K-Bio-Pellets-WHT,X0010UOKU3,B07QPQ2NLG,"ARSUK Airsoft BB Pellets Balls High Grade Paintball heavy Duty and Smooth Polished - in Bottles a - 6mm 0.20g, 2000 Rounds(0.20g 2000 Pellets Bio-White)",New,10.99,No,,Yes,48,47,0,0,48,504.56,0,0,0,1,0,0,47,0
arsuk,uk,FBA_Desk_Lamp_DL209_Grey_Bulb,X001DWPGOH,B07HYXQXZ1,ARSUK Desk Lamp with 27w Replacement Economical Daylight Bulb High Vision Reading Lights [Energy Class A++],New,40.99,No,,Yes,24,24,0,0,24,18220.78,0,0,0,0,0,0,24,0
arsuk,uk,FBA_DxPP_Gloves_Manchester_City,X00113YL6R,B07B9WK345,Goalie Goalkeeper Gloves kids Strong Grip for Soccer Football Gloves for Boys & Girls Junior Toughest Saves With Finger Support Strong Grip / Spines Fingersave Goal Keeper Match Training Glove,New,5.99,No,,Yes,36,36,0,0,36,642.86,0,0,0,0,0,0,36,0
arsuk,uk,FBA_Dxpp_100psc_ColourMarbles,X000UCDQIT,B01I5AZ6VO,"ARSUK Cat's Eye Marbles, Glass Marbles, Comes in a bag, Protection against damage, Sports Toys & Outdoor Games (70-80 Pcs Colour Marble)",New,7.99,No,,Yes,0,0,0,0,0,728.73,0,0,0,0,0,0,0,0
arsuk,uk,FBA_Dxpp_78psc_ColourMarbles,X001JDQS5V,B01I5AZ6VO,"ARSUK Cat's Eye Marbles, Glass Marbles, Comes in a bag, Protection against damage, Sports Toys & Outdoor Games (70-80 Pcs Colour Marble)",New,9.99,No,,Yes,32,32,0,0,32,728.73,0,0,0,0,0,0,32,0
arsuk,uk,FBA_Electric_Peeler_Black,X0018UPPA9,B015FQE2P2,"ARSUK Electric Potato Peeler, Potato Peeler Machine with 3 Blades, Rotating Electric Potato Peeler Machine, Automatic Potato Peeler with Power Cord, Potato Peeler Electric (Black)",New,20.99,No,,Yes,147,126,16,5,147,6744.26,0,0,0,0,0,0,0,126
arsuk,uk,FBA_Electric_peeler_White-B9xPP,X0016XK46D,B08B65Y9G6,"ARSUK Electric Potato Peeler, Potato Peeler Machine with 3 Blades, Rotating Electric Potato Peeler Machine, Automatic Potato Peeler with Power Cord, Potato Peeler Electric (White)",New,20.99,No,,Yes,34,34,0,0,34,7127.23,0,0,0,0,0,0,34,0
arsuk,uk,FBA_Ex79_ARS04BL_Black pebbles(1 kg),X0010SH7HD,B077P65BJZ,ARSUK Glass Pebbles Decorative Stones Beads Nuggets Gems Mosaic Tiles for Vases Craft Garden Bowls Fish Tank (170-180 Black Pebbles),New,15.99,No,,Yes,17,17,0,0,17,963.07,0,0,0,0,0,0,17,0
arsuk,uk,FBA_Ex79_ARS04BU_Blue pebbles(1 kg),X0010SHOAN,B00JDLP8X6,"ARSUK Decorative Glass Pebbles, Stones Beads Rounded, Stones, Gems (170-180pcs Blue Pebbles)",New,13.99,No,,Yes,0,0,0,0,0,1065.16,0,0,0,0,0,0,0,0
arsuk,uk,FBA_Ex79_ARS04MX_Mix_pebbles_(1kg),X0010C9F1Z,B077P4X78G,"ARSUK Glass Pebbles Decorative Stones Beads Nuggets Gems Mosaic Tiles for Vases Craft Garden Bowls Fish Tank (170-180pcs, 955gm approximate)",New,10.24,No,,Yes,18,16,1,1,18,1542.02,0,0,0,0,0,0,0,16
arsuk,uk,FBA_Glass_Bowl_200ml_6pcs,X001EY3QHD,B07DNC2H5J,Baby Food Storage Containers Set Freezer Food Pots Weaning Bowls Cubes BPA-Free Glass Mini Boxes 200ml x 6PCS,New,19.25,No,,Yes,70,69,0,1,70,5391.51,0,0,0,0,0,0,69,0
arsuk,uk,FBA_Glass_Pebbles-MIXcolour-Packof_100,X000ZDGEEL,B00BH79U60,Britwear 70 x Assorted Multi Colour Decorative Glass Pebble Stones Beads Vase Nuggets,New,10.49,No,,Yes,28,28,0,0,28,1004.36,0,0,0,0,0,0,28,0
arsuk,uk,FBA_Green_ApplePeeler,X001HUWFL7,B0055V40N2,3 in1 Apple Peeler Slicer Coring Machine Cutter Dicer Fruit Corer Kitchen Potato,New,14.39,No,,Yes,302,296,3,3,327,4228.19,0,0,25,0,0,0,296,0
arsuk,uk,FBA_Green_Mop&Bucket_Set_Code:R-3S,X00184LHK7,B00LLAHS0S,"ARSUK Mop and Buckets Sets with 2 Super Absorbent Microfiber 360° Spin Mop Heads and Adjustable Height Telescopic Handle, Stackable",New,42.99,No,,Yes,78,70,2,6,78,30835.05,0,0,0,0,0,0,70,0
arsuk,uk,FBA_Green_SprayingMop_600ml_A2xpp,X001865GCP,B0821D8MVC,ARSUK Trigger spray Water Spraying floor cleaner mop Microfibre Flat Spray mop 600ml,New,20.19,No,,Yes,35,34,1,0,35,8537.66,0,0,0,0,0,0,34,0
arsuk,uk,FBA_KMS-9892B2_H_M_Magnifier,X0014RQUUZ,B00CGE0PNK,"ARSUK Headband Large Magnifying Glass with 2 LED Light, 5 Detachable Lens, Hands-Free Magnifying Glasses for Close Work Sewing Reading Knitting Jewelry Work Electronic Repair",New,20.99,No,,Yes,91,91,0,0,91,2356.95,0,0,0,0,0,0,0,91
arsuk,uk,FBA_LED_BN22_Bulb_18W_2PK,X00178W0P5,B00OJZVQSM,"ARSUK LED B22 Bayonet Base Bulb, 18 Watt Daylight Bulbs (Equivalent to 100W), 6500K, 1400lm Non-dimmable, Cool White Light (Pack of 2)",New,6.49,No,,Yes,5,0,5,0,5,2915.42,0,0,0,0,0,0,0,0
arsuk,uk,FBA_LED_BN22_Bulb_18W_4PK,X0017NSE6T,B00OK0544I,"ARSUK LED B22 Bayonet Base Bulb, 18 Watt Daylight Bulbs (Equivalent to 100W), 6500K, 1400lm Non-dimmable, Cool White Light (Pack of 4)",New,8.49,No,,Yes,5,0,0,5,5,6171.2,0,0,0,0,0,0,0,0
arsuk,uk,FBA_LED_E27_Screw_Bulb-18W_4PK,X0018HOPRB,B08HQY519H,"ARSUK LED E27 Screw Light Bulbs, 18W (Equivalent to 100W), 6500K, 1400lm, Non-Dimmable, Cool White, Energy Saving Light Bulb (4 Pack) [Energy Class A]",New,9.99,No,,Yes,58,58,0,0,58,4380.92,0,0,0,0,0,0,58,0
arsuk,uk,FBA_LED_E27_Screw_Bulb_18W_2PK,X00178VLKZ,B08BWZ2ZB2,"ARSUK LED E27 Screw Light Bulbs, 18W (Equivalent to 100W), 6500K, 1400lm, Non-Dimmable, Cool White, Energy Saving Light Bulb (2 Pack) [Energy Class A]",New,7.99,No,,Yes,81,81,0,0,81,1888.77,0,0,0,0,0,0,81,0
arsuk,uk,FBA_Milky_White_marble_167pc,X001JDQRQ1,B01M34X83K,"ARSUK Cat's Eye Marbles, Glass Marbles, Comes in a bag, Protection against damage, Sports Toys & Outdoor Games (160-170 Pcs Milky Marble)",New,9.25,No,,Yes,43,41,0,2,43,1299,0,0,0,0,0,0,41,0
arsuk,uk,FBA_PAN-EU_16pc_Makeup-Brushes,X00198DBHT,B005H7KW86,"Makeup Brushes Beauty Foundation Eyebrow Brush Set Eyeshadow Brushes for face Powder Blush Eye Shadow Eyeliner Make up, Lip Eye brow Tools Contour Highlighter Kabuki kit for Teenagers Women",New,8.99,No,,Yes,76,76,0,0,76,1954.16,0,0,0,0,0,0,76,0
arsuk,uk,FBA_PAN-EU_Floor_Magnifier,X0019C4W1T,B00XVX0FI0,"ARSUK Floor Magnifier Led Lamp, 5x Magnifying Adjustable Gooseneck Arm Ideal For Small Prints, Sewing, Crafts, Arts, Knitting, Studying, Reading, Writing, Working, Embroidery, Jewelry Repair",New,64.99,No,,Yes,0,0,0,0,0,19576.15,0,0,0,0,0,0,0,0
arsuk,uk,FBA_PAN-EU_Makeup_Sponge_6pc,X0019AI8J3,B08L84WNNT,"Beauty Make up Sponge Blenders, Makeup Blending Sponge Set 3-6 Pcs Pack Multi-Colored Facial Sponges For Blending Foundation Cream & Powder Face Sponge Concealer Applicator (6Pcs Makeup Sponges)",New,6.49,No,,Yes,90,87,1,2,90,908.17,0,0,0,0,0,0,87,0
arsuk,uk,FBA_Practice_Zeroing_Target_100pc,X00181Z8N7,B002IVGDAK,ARSUK Airsoft Target Papers (Practice Zeroing Target Papers 100pc),New,8.99,No,,Yes,39,38,0,1,39,2374.98,0,0,0,0,0,0,38,0
arsuk,uk,FBA_Purple_SprayingMop_600ml_A2xpp,X001867W8L,B08GKT4VR5,ARSUK Trigger spray Water Spraying floor cleaner mop Microfibre Flat Spray mop 600ml (Purple Spray Mop),New,20.99,No,,Yes,19,19,0,0,19,9156.27,0,0,0,0,0,0,19,0
arsuk,uk,FBA_RED_Ex79_ARS04TP_pebbles_1kg,X0019567UZ,B077NYFZZB,ARSUK Glass Pebbles Decorative Stones Beads Nuggets Gems Mosaic Tiles for Vases Craft Garden Bowls Fish Tank (170-180 Red Pebbles),New,10.19,No,,Yes,19,19,0,0,19,1137.43,0,0,0,0,0,0,19,0
arsuk,uk,FBA_RED_Ex79_ARS04TP_pebbles_960gm,X001JDPK91,B077NYFZZB,ARSUK Glass Pebbles Decorative Stones Beads Nuggets Gems Mosaic Tiles for Vases Craft Garden Bowls Fish Tank (170-180 Red Pebbles),New,12.99,No,,Yes,39,39,0,0,39,1137.43,0,0,0,0,0,0,39,0
arsuk,uk,FBA_Red_Apple_Peeler_New,X0018PNJIT,B08J3RM17Z,"ARSUK Apple Peeler - Potato and Vegetable Peelers for Kitchen, Fruit Peeling Machine, Stainless Steel Corer Cutter Slicer Spiral Peel Tool - Easy to Use",New,14.69,No,,Yes,270,256,1,13,287,4113.81,0,0,17,0,0,0,256,0
arsuk,uk,FBA_S&L_Scissors_6.5 inch TMI-2487,X0011YBI49,B000OTOYMW,"ARSUK Professional Scissors Hairdressing Cutting Barber Styling Grooming Shears 6.5""-16.51cm (approx)",New,6.59,No,,Yes,21,21,0,0,21,395.09,0,0,0,0,0,0,21,0
arsuk,uk,FBA_SL_4Xpp_kids_gloves_size:6_MAN CITY,X001065GF5,B07K4RB9LX,ARSUK Goalie Goalkeeper Gloves kids Strong Grip for Soccer Football Gloves for Boys & Girls Junior Toughest Saves With Finger Support Strong Grip/Spines Fingersave Goal Keeper Match Training Glove,New,5.99,No,,Yes,26,26,0,0,26,921.77,0,0,0,0,0,0,26,0
arsuk,uk,FBA_SML-L_BX79_550-00_CuticleKnifeVShape,X001120TTB,B06XYHQWF8,ARSUK Cuticle Trimmer Remover Pusher Nail Cuticle Pusher Tipped Nail Cleaner Dead Skin Removal Tool Tips Nail Cleaner Tool for Men Women,New,2.44,No,,Yes,8,8,0,0,8,83.08,0,0,0,0,0,0,8,0
arsuk,uk,FBA_SilverbellARS080-53151C-25.4cm_A0xpp,X000WT1Z1Z,B01LYIHTYN,"ARSUK School Hand Bell Wooden Handled, Last Order Bells for Adults 30 x 14.7 x 14.7cm, 700gm (Silver)",New,19.39,No,,Yes,35,32,1,1,35,6482.72,0,0,0,1,0,0,32,0
arsuk,uk,FBA_Split_Lemon_Bucket:R-3S,X001JJ6QJX,B09WJ7ZMSW,ARSUK Mop and Buckets Sets - 2 Separate Stackable Buckets with 2 Microfiber Mop Heads and 360° Spinnable Adjustable Height Telescopic Handle,New,47.99,No,,Yes,19,17,2,0,79,29481.15,40,20,0,0,0,20,0,17
arsuk,uk,FBA_Spraying_Mop_Green_600ml_A2xpp,X00186477P,B07J57VQ5N,ARSUK Spray Mop for Hardwood Laminate Tiles Marble Floor Wet and Dry Vinyl with Active Trigger Window Cleaner Sweeping,New,20.49,No,,Yes,112,111,0,1,112,9270.16,0,0,0,0,0,0,111,0
arsuk,uk,FBA_Spraying_Mop_Purple_600ml_a2xpp,X00187JJO5,B08GPTBWGG,ARSUK Spraying Mop for Wood Laminate Tile Marble Floor Active Trigger Spray Sweeping (Purple Spray Mop 600ml),New,20.09,No,,Yes,28,26,1,0,28,9859.11,0,0,0,1,0,0,26,0
arsuk,uk,FBA_Swing_Target_Metal_Black,X00193W6HP,B000HWV7NU,ARSUK Airsoft Target Holder Cone Funnel bb Pellets Trap Air Rifle Shooting 14 * 14cm (Swing Target),New,11.99,No,,Yes,0,0,0,0,0,4088.41,0,0,0,0,0,0,0,0
arsuk,uk,FBA_TL-Th_holder_Code_Tol-05-Chrome,X0018010AD,B08FJFRW8S,"ARSUK Toilet Roll Holder Self Adhesive with Shelf, Wall Mounted Stainless Steel 14x9.5x11cm (Mirror Polished)",New,16.99,No,,Yes,51,51,0,0,51,1742.27,0,0,0,0,0,0,51,0
arsuk,uk,FBA_TL-Th_holder_Code_Tol-06-Black,X0018011LV,B08FT8SGZD,"ARSUK Toilet Roll Holder Self Adhesive with Shelf, Wall Mounted Stainless Steel 14x9.5x11cm (Black Coated)",New,17.39,No,,Yes,48,48,0,0,48,1722.61,0,0,0,0,0,0,48,0
arsuk,uk,FBA_TL-Th_holder_Code_Tol-07-Chrome,X001A6AMTF,B07HLT7YMJ,"ARSUK Toilet Roll Holder Self Adhesive, Wall Mounted Stainless Steel 16.5x7x5cm (L-Shaped Shiny Silver)",New,13.44,No,,Yes,99,99,0,0,99,907.84,0,0,0,0,0,0,99,0
arsuk,uk,FBA_TMI-1167_Beard&Mustache_Scissors,X001201X97,B01D61W20U,ARSUK Scissors for Moustache Beard Nose Ear Hair Eyebrow - Men's Hair Grooming Trimming Shaping Cutting - Made from Professional Stainless Steel (Moustache & Beard Scissors),New,3.99,No,,Yes,5,3,0,2,5,67.51,0,0,0,0,0,0,3,0
arsuk,uk,FBA_TMI-1302-1_Purple_Tweezers,X00112761P,B07SFF36YL,"ARSUK Eyebrow Tweezers Professional Stainless Steel Precision Hair Slant Fine Tip pointy small light Tweezer for Eyebrows Ingrown Hair Plucking, and Facial Hair Remover Tool for Women and Mens",New,3.99,No,,Yes,7,7,0,0,7,22.29,0,0,0,0,0,0,7,0
arsuk,uk,FBA_TMI-1302-2_Green_Tweezers,X0011279B7,B07SFG7Y3W,"ARSUK Eyebrow Tweezers Professional Stainless Steel Precision Hair Slant Fine Tip pointy small light Tweezer for Eyebrows Ingrown Hair Plucking, and Facial Hair Remover Tool for Women and Mens",New,3.99,No,,Yes,16,16,0,0,16,37.2,0,0,0,0,0,0,16,0
arsuk,uk,FBA_TMI-1302-3_Orange_Tweezers,X00116XDE5,B004VEWGOY,"ARSUK Eyebrow Tweezers Professional Stainless Steel Precision Hair Slant Fine Tip pointy small light Tweezer for Eyebrows Ingrown Hair Plucking, and Facial Hair Remover Tool for Women and Men",New,4.99,No,,Yes,34,34,0,0,34,145.19,0,0,0,0,0,0,34,0
arsuk,uk,FBA_TMI-1302-4_Lemon_Tweezers,X00110QFYB,B07SFF6C25,"ARSUK Eyebrow Tweezers Professional Stainless Steel Precision Hair Slant Fine Tip pointy small light Tweezer for Eyebrows Ingrown Hair Plucking, and Facial Hair Remover Tool for Women and Men",New,2.99,No,,Yes,37,37,0,0,67,37.2,30,0,0,0,0,0,37,0
arsuk,uk,FBA_TMI-1302-5_Red_Tweezers,X0011276DD,B07SFHBTRG,"ARSUK Eyebrow Tweezers Professional Stainless Steel Precision Hair Slant Fine Tip pointy small light Tweezer for Eyebrows Eye Lash Ingrown Hair Plucking, and Facial Hair Remover Tool for Women",New,3.99,No,,Yes,25,25,0,0,25,37.2,0,0,0,0,0,0,25,0
arsuk,uk,FBA_TMI-1302-6_Black_Tweezers,X001127JTT,B07SFFV33N,"ARSUK Eyebrow Tweezers Professional Stainless Steel Precision Hair Slant Fine Tip pointy small light Tweezer for Eyebrows Ingrown Hair Plucking, and Facial Hair Remover Tool for Women and Mens",New,3.99,No,,Yes,0,0,0,0,0,172.06,0,0,0,0,0,0,0,0
arsuk,uk,FBA_TMI-639_Nose_Scissors,X0016FABGJ,B07VC8H54N,ARSUK Nose Scissors Moustache Beard Ear Hair Eyebrow Trimming Facial Men's Grooming Scissors Stainless Steel,New,3.99,No,,Yes,8,3,0,5,8,1.8,0,0,0,0,0,0,3,0
arsuk,uk,"FBA_TMI_2847_Scissors_6.5""",X000Z7GT5V,B004ZDJCDE,"Professional Hairdressing Scissors 6.5"" Salon Styling Grooming Shears - 100% Quality Guaranteed (Hairdressing Scissors Style 8)",New,6.59,No,,Yes,24,24,0,0,24,153.87,0,0,0,0,0,0,24,0
arsuk,uk,FBA_Tactical_goggles_BLACK_A5xpp_2Axpp,X000HT6PZB,B00CAY4D0M,"ARSUK Tactical Airsoft Goggles Glasses for Anti Fog, Windproof, Dustproof, Safety & Security Outdoor Sports, Hunting, and Eye Protection",New,8.99,No,,Yes,0,0,0,0,0,4944.63,0,0,0,0,0,0,0,0
arsuk,uk,FBA_Tmi-1174_curved_arrow_pointed_BxPP,X0010QU0BP,B0140TLS52,Arsuk Nail Cuticle Scissors Use As Men Women Professional Beauty Manicure & Pedicure Scissor for Toe & Fingernail with 3.5 Inch Fine Tip & Arrow Curved,New,4.52,No,,Yes,28,27,0,0,28,70.46,0,0,0,1,0,0,27,0
arsuk,uk,FBA_Toe_Nail_Scissor_ARS037-CXA0,X000FWBLWR,B007MZWYIW,"ARSUK Toenail Scissors for Strong Thick Nails Use As Men Women Pedicure Manicure 3.5"" Long Handle & Curved",New,2.99,No,,Yes,33,32,0,1,33,106.52,0,0,0,0,0,0,32,0
arsuk,uk,FBA_Toe_Nail_Scissors_2_037,X001L9MILB,B0B5257LF2,ARSUK Toenail Scissors for Ingrown Toenails,New,2.99,No,,Yes,0,0,0,0,0,75.05,0,0,0,0,0,0,0,0
arsuk,uk,FBA_White_Electric_Peeler_and_Divider,X001A84BLD,B00SOT41D6,"ARSUK Electric potato peeler, Potato peeler machine with 3 blades, Rotating electric potato peeler machine, Automatic potato peeler with power cord, Apple peeler with slicer",New,19.99,No,,Yes,28,10,0,18,28,6744.26,0,0,0,0,0,0,10,0
arsuk,uk,FBA_apple_peeler_red_70099,X000DC2JHZ,B005UTKYQG,Dexam peel Rotary Apple Peeler,New,14.49,No,,Yes,64,63,0,0,64,4309.8,0,0,0,1,0,0,63,0
arsuk,uk,FBA_greenApple_peeler_Hx99,X000DW7O6L,B00CAYG0T4,"ARSUK Apple Peeler - Potato and Vegetable Peelers for Kitchen, Fruit Peeling Machine, Stainless Steel Corer Cutter Slicer Spiral Peel Tool - Easy to Use",New,14.69,No,,Yes,48,45,1,2,48,4045.47,0,0,0,0,0,0,45,0
arsuk,uk,Fba_180pcs_MixPebbles-960gm,X001JDSV4R,B00L92HNQC,ARSUK 1kg Pack of Round Decorative Glass Pebbles/Stones/Beads/Nuggets/Gems/Mosaic Tiles (Multi Pebbles),New,16.99,No,,Yes,39,34,0,5,39,1085.81,0,0,0,0,0,0,0,34
arsuk,uk,Fba_6x99_MixPebbles-PACKof2,X000UC0QF5,B00L92HNQC,ARSUK 1kg Pack of Round Decorative Glass Pebbles/Stones/Beads/Nuggets/Gems/Mosaic Tiles (Multi Pebbles),New,16.99,No,,Yes,5,4,0,1,5,1085.81,0,0,0,0,0,0,0,4
arsuk,uk,Fba_Arsuk_Replacement_6xpp,X000PY9Y5B,B01EII4SVG,ARSUK 27w Replacement Bulb 4 Pin GX10Q-4 (6500k) for Daylight Energy Saving Reading Study Desk Lamps Lights,New,9.59,No,,Yes,94,94,0,0,95,1479.26,0,0,1,0,0,0,94,0
arsuk,uk,Fba_BxPP_ARS-195_Nail Curved Scissor,X000NPU1P9,B01DVD8PPE,"Fine point Nail Scissors Manicure Pedicure Stainless Steel Cuticle Scissor for Ingrowing toenail fingernail Trimmer Multi-purpose grooming beauty tools for Eyebrow, Eyelash Dry Skin for mens and women",New,2.68,No,,Yes,10,2,0,8,10,41.95,0,0,0,0,0,0,2,0
arsuk,uk,Fba_Bxpp_Code:TMI-1207_Pink Scissor,X000NNW4PB,B01DBZZIDE,"Embroidery Scissors Sewing Sharp Shears fabric crafting scissor for Threading Art Home crafts, Office Work, Stainless steel Vintage stork style safety Needlework Cross-Stitch Tailor Scissors.",New,4.99,No,,Yes,23,22,0,0,23,35.56,0,0,0,1,0,0,22,0
arsuk,uk,Fba_Bxpp_ColourMarbels_100pcs,X000NA15T5,B00JVSVCTU,"ARSUK Cat’s Eye Glass Marble, Wonderful Designed Coloured Assorted Marbles for Kids in a Net Bag (70-80 PCs Colour Marbles)",New,6.99,No,,Yes,0,0,0,0,0,720.7,0,0,0,0,0,0,0,0
arsuk,uk,Fba_Bxpp_ColourMarbels_78pcs,X001JDQRYN,B00JVSVCTU,"ARSUK Cat’s Eye Glass Marble, Wonderful Designed Coloured Assorted Marbles for Kids in a Net Bag (70-80 PCs Colour Marbles)",New,7.89,No,,Yes,58,58,0,0,58,720.7,0,0,0,0,0,0,58,0
arsuk,uk,Fba_Bxpp_TMI-1205-Fancy_scissor_pink,X000NRDQ63,B013VZIX4U,"Embroidery Scissors Sewing Sharp Shears fabric crafting scissor for Threading Art Home crafts, Office Work, Stainless steel Vintage stork style safety Needlework Cross-Stitch Tailor Scissors.",New,3.99,No,,Yes,0,0,0,0,0,34.25,0,0,0,0,0,0,0,0
arsuk,uk,Fba_CAxpp_ARS-DL-209_Desk-Lamp_Grey,X0016F6T1Z,B00BXLANFW,"ARSUK Desk Lamp Daylight High Vision Energy Saving 27W Work Reading Study Table Lamp Light, 240v Input",New,42.99,No,,Yes,47,39,1,6,47,18873.47,0,0,0,1,0,0,39,0
arsuk,uk,Fba_CAxpp_Code:ARS-DL-209_Desk-Lamp_GRAY,X000WIHXY9,B00K24O24E,ARSUK Desk Lamp with 27 Watt Replacement Natural Daylight Energy Saving Light Bulbs 240v Input for High Vision Reading Hobby Work Craft Study Table Lamp [Energy Class A++],New,40.99,No,,Yes,42,42,0,0,42,16358.22,0,0,0,0,0,0,42,0
arsuk,uk,Fba_CXA0_oe-Nail-Scissor-ARS037,X000MYXQIP,B0140SC1ZO,Arsuk Nail Scissors for Toe Nails Work On Men Women Seniors Any Strong Thick Nails Pedicure with Long Handled & Curved,New,4.91,No,,Yes,13,13,0,0,13,87.02,0,0,0,0,0,0,13,0
arsuk,uk,Fba_Chitsmastree_bag_Fx4p,X000FZFJV3,B00RBUR2K8,ARSUK Christmas Tree Storage Bag - Small and Large Xmas Cover Bags for 6ft and 7ft Artificial Trees - Waterproof Extra Strong & Heavy-Duty Box with Zips,New,12.49,No,,Yes,63,63,0,0,63,2945.41,0,0,0,0,0,0,63,0
arsuk,uk,Fba_Code:ARS-20L-SS_20LsolarShower,X0010NS0QZ,B005BBC7ZO,"ARSUK Camping Shower 20L, Portable & Solar Heated Travel Shower Bag with 45°c Removable Hose 35.8 x 24.2 x 4 cm, 400 grams -Black",New,12.49,No,,Yes,90,87,1,2,90,3465.37,0,0,0,0,0,0,87,0
arsuk,uk,Fba_Straight_Toenail_Scissors_1153,X001M42T7X,B00YAE6I3U,Arsuk Nail Scissors for Men Women Thick Nails Cutting Straight Toenail and Fingernail by Flat 3.5 Inch Blade,New,4.99,No,,Yes,0,0,0,0,0,62.93,0,0,0,0,0,0,0,0
arsuk,uk,"Fba_TMI-1110_Dissecting_Scissor_5.5""",X00166S6TR,B01DJGKBK0,"Professional Hairdressing Scissors 6.5"" Salon Styling Grooming Shears - 100% Quality Guaranteed (Hairdressing Scissors Style 1)",New,5.99,No,,Yes,13,13,0,0,13,214.18,0,0,0,0,0,0,13,0
arsuk,uk,GunCase_31cm_Brown_colour_AAxpp,X000FSJQUF,B00KQP57QG,"ARSUK 12"" BB Gun Pistol Airsoft Hard Plastic Case Storage Box Foam Lined (31cm Case-Tan)",New,15.99,Yes,0,No,0,0,0,0,0,5795.29,0,0,0,0,0,0,0,0
arsuk,uk,GxPP_TMI-611_Jaguar_Model_super_cut Sand,X001M51W89,B01EVZ9Z6O,"ARSUK Mirror Finish Curve Green Ring Barber Hairdressing/Cutting Scissor of 6.5"" (Approx) Hairdressing Scissors -Shears Scissors -Styling Scissor-Grooming Scissor-Very Rare Stylish Professional Scissors ESPECIALLY MADE WITH JAPANESE J2 STEEL HARDNESS 60 HRC",New,5,Yes,0,No,0,0,0,0,0,,0,0,0,0,0,0,0,0
arsuk,uk,IxDP_TMI-1004_ Fix_Hook_Mirror_Finish,X001M54ZAB,B01EZNBA4M,"ARSUK Professional Fix Hook Mirror Finish 8 Red Pearl 7""-17.78(approx)Razor Edge Hairdressing Scissors -Shears Scissors -Styling Scissor-Grooming Scissor-Fix Hook Finger Rest -Professional Styling Scissors ESPECIALLY MADE WITH JAPANESE J2 STEEL",New,5,Yes,0,No,0,0,0,0,0,,0,0,0,0,0,0,0,0
arsuk,uk,IxPP_tmi_610_half_Gold_knirling_screw,X001M54ZAV,B01EUKNVJC,"Professional Mesh Fix Hook Jackey Style Design Red And Golden Colour Combination Fancy Scissor Barber Hairdressing Cutting 6.5""-16.51 CM Razor Edge Hairdressing Scissors -Shears Scissors -Styling Scissor-Grooming Scissor-With Removable Finger Rest -Professional Styling Scissors ESPECIALLY MADE WITH JAPANESE J2 STEEL-""LIMITED TIME OFFER FOR THIS MODEL""",New,8.99,Yes,0,No,0,0,0,0,0,,0,0,0,0,0,0,0,0
arsuk,uk,Mope-Handle-Blue,X000W3J2QL,B011L07U1E,"ARSUK Mop Pole Handle with 2 Replacement Mop Heads 100% Microfiber, 360º Rotating, Telescopic bar",New,16.79,No,,Yes,1,0,1,0,1,11403.59,0,0,0,0,0,0,0,0
arsuk,uk,Mope-Handle-Lemon,X000W3AI0Z,B011KRXHTM,ARSUK Mop Handle Set Home Cleaner Super Absorbent Microfibre Mop Heads Stainless Steel Adjustable Height Handle (Lemon),New,16.99,No,,Yes,25,25,0,0,25,5747.76,0,0,0,0,0,0,25,0
arsuk,uk,Mope-Handle-purple,X000W3AI0P,B00LLA9OWS,ARSUK Mop Handle Set Home Cleaner Super Absorbent Microfibre Mop Heads Stainless Steel Adjustable Height Handle (Purple),New,16.99,No,,Yes,44,42,1,1,44,5826.09,0,0,0,0,0,0,42,0
arsuk,uk,Nail_Scissor_Fine_Point_195,X001LSRYHP,B098T9JGT3,"Nail Scissors Fine Point Cuticle Remover for Finger Nails & Toenail Scissor - Beauty Care Stainless Steel Eyebrow Scissors Premium Manicure Tools Small Scissors for Nose Hair, Mustache, & Beard.",New,2.99,Yes,0,No,0,0,0,0,0,68.5,0,0,0,0,0,0,0,0
arsuk,uk,P-EU_Silicon_ClipOn_Tray,X0018UI975,B07DTKJX2Q,"ARSUK Silicone Tray Baby Food Storage containers with Plastic lid, 20 x 20 x 5.2 cm; 283 Grams -9x75ml",New,12.29,No,,Yes,57,57,0,0,97,2657.82,40,0,0,0,0,0,57,0
arsuk,uk,PAN-EU-FBA-TMI-1302-1-Purple-Tweezers,X001CU5HFD,B07SFF36YL,"ARSUK Eyebrow Tweezers Professional Stainless Steel Precision Hair Slant Fine Tip pointy small light Tweezer for Eyebrows Ingrown Hair Plucking, and Facial Hair Remover Tool for Women and Mens",New,5.99,No,,Yes,0,0,0,0,0,22.29,0,0,0,0,0,0,0,0
arsuk,uk,PAN-EU-FBA-TMI-1302-2-Green-Tweezers,X001CXIYNR,B07SFG7Y3W,"ARSUK Eyebrow Tweezers Professional Stainless Steel Precision Hair Slant Fine Tip pointy small light Tweezer for Eyebrows Ingrown Hair Plucking, and Facial Hair Remover Tool for Women and Mens",New,3.99,No,,Yes,41,29,1,10,41,37.2,0,0,0,1,0,0,0,29
arsuk,uk,PAN-EU-FBA-TMI-1302-6-Black-Tweezers,X001CU5M21,B07SFFV33N,"ARSUK Eyebrow Tweezers Professional Stainless Steel Precision Hair Slant Fine Tip pointy small light Tweezer for Eyebrows Ingrown Hair Plucking, and Facial Hair Remover Tool for Women and Mens",New,5.99,No,,Yes,0,0,0,0,0,172.06,0,0,0,0,0,0,0,0
arsuk,uk,PAN-EU-FBA_TMI-1302-4_Lemon_Tweezers,X001CXQHYP,B07SFF6C25,"ARSUK Eyebrow Tweezers Professional Stainless Steel Precision Hair Slant Fine Tip pointy small light Tweezer for Eyebrows Ingrown Hair Plucking, and Facial Hair Remover Tool for Women and Men",New,5.99,No,,Yes,0,0,0,0,0,37.2,0,0,0,0,0,0,0,0
arsuk,uk,PAN-EU-FBA_TMI-1302-5_Red_Tweezers,X001CXQF65,B07SFHBTRG,"ARSUK Eyebrow Tweezers Professional Stainless Steel Precision Hair Slant Fine Tip pointy small light Tweezer for Eyebrows Eye Lash Ingrown Hair Plucking, and Facial Hair Remover Tool for Women",New,5.99,No,,Yes,0,0,0,0,0,37.2,0,0,0,0,0,0,0,0
arsuk,uk,PAN-EU-FC-Barcelona_Gloves_size:6,X001D45NPH,B083M8V3ND,Goalie Goalkeeper Gloves kids Strong Grip for Soccer Football Gloves for Boys & Girls Junior Toughest Saves With Finger Support Strong Grip / Spines Fingersave Goal Keeper Match Training Glove,New,10.99,No,,Yes,9,9,0,0,9,663.18,0,0,0,0,0,0,0,9
arsuk,uk,PAN-EU-Inter-Milan_Gloves_size:6,X001D46I0B,B083M7G9DT,Goalie Goalkeeper Gloves kids Strong Grip for Soccer Football Gloves for Boys & Girls Junior Toughest Saves With Finger Support Strong Grip / Spines Fingersave Goal Keeper Match Training Glove,New,6.99,No,,Yes,1,0,0,1,1,727.09,0,0,0,0,0,0,0,0
arsuk,uk,PAN-EU_DL-20-WHT_Wireless_Charging_Lamp,X0019Z7UGP,B00DS4N36S,"ARSUK LED Desk Lamp with Wireless Charger, Eye-Caring Study Table Lamp, USB Charging Port, Touch Sensitive, 3-Level Brightness, 4-Colors Daylight Lamp for Home, Office, Reading, Work, Study, Bedroom",New,18.99,No,,Yes,0,0,0,0,0,2607.84,0,0,0,0,0,0,0,0
arsuk,uk,PAN-EU_Silicon_ClipOn_Tray_Pack-02,X001KQQWG7,B0B2PK7RDV,ARSUK Silicone Baby Food Storage Containers Weaning Pots Moulds Jars Flexible Freezer Trays with Lid to Freeze Baby Food (Silicone Tray Pack of 2),New,22.79,No,,Yes,26,26,0,0,46,6687.72,20,0,0,0,0,0,26,0
arsuk,uk,PAN-FBA_4pcs_Airtight_Food_Containers,X001L6T0XD,B0B4PJCWMT,ARSUK Food Storage Containers with lids 4pcs Tupperware sets Meal Prep Lunch Plastic Boxes,New,16.99,No,,Yes,0,0,0,0,0,8000,0,0,0,0,0,0,0,0
arsuk,uk,PAN_EU-Bx49_1187_Stork_Gold,X001ANA7IT,B01EU50MSA,"Embroidery Scissors Sewing Sharp Shears fabric crafting scissor for Threading Art Home crafts, Office Work, Stainless steel Vintage stork style safety Needlework Cross-Stitch Tailor Scissors.",New,3.49,No,,Yes,6,6,0,0,6,62.93,0,0,0,0,0,0,6,0
arsuk,uk,PAN_EU_TMI 1190_Fancy_gold_scissor,X001ANB37N,B01DM6TQXU,"Embroidery Scissors Sewing Sharp Shears fabric crafting scissor for Threading Art Home crafts, Office Work, Stainless steel Vintage stork style safety Needlework Cross-Stitch Tailor Scissors.",New,3.49,No,,Yes,0,0,0,0,0,32.61,0,0,0,0,0,0,0,0
arsuk,uk,Red-spray-mop-code:ARS-SMOP-1,X000W0TT85,B00MGXYOVK,ARSUK Spraying Mop for Wood Laminate Tile Marble Floor Active Trigger Spray Sweeping (Red Spray Mop),New,14.99,No,,Yes,65,65,0,0,65,23800.24,0,0,0,0,0,0,65,0
arsuk,uk,S&L-ARS-90-Rnd-Blue-BB-Loader,X001KN35O7,B0B215CJ5L,ARSUK Airsoft Paintball Speed Loader with High Capacity Loading Tool for 6mm BB pellets (Speed Loader 90 Round Blue),New,7.69,No,,Yes,14,14,0,0,14,138.47,0,0,0,0,0,0,14,0
arsuk,uk,S&L-FBA-1059-PET-PAW-SCISSORS,X001KHNKKR,B088P5M1MF,"ARSUK Professional Paw Scissors Pet Grooming Scissors & Face Hair Remover Length 4.5"" (11.43 cm) Stainless Steel with Rounded Tips for Secure Cutting",New,5.99,No,,Yes,0,0,0,0,0,69.81,0,0,0,0,0,0,0,0
arsuk,uk,S&L-FBA-5Xpp_kids_gloves_size:6_ARSENAL,X0015D0OHD,B07K4GR7ZJ,ARSUK Goalie Goalkeeper Gloves kids Strong Grip for Soccer Football Gloves for Boys & Girls Junior Toughest Saves With Finger Support Strong Grip/Spines Fingersave Goal Keeper Match Training Glove,New,3.99,No,,Yes,14,13,0,1,14,35.07,0,0,0,0,0,0,13,0
arsuk,uk,S&L-FBA-ARS213_Toe_Nail_Lifter,X00152AV1X,B01B3AC1CU,ingrown toenail treatment nail files professional Toe Nail File Ingrowing Nail Lifter Pedicure Tool Podiatry Stainless Steel Nail cleaner for cleaning Care of Ingrown Toenails,New,2.99,No,,Yes,0,0,0,0,0,40.8,0,0,0,0,0,0,0,0
arsuk,uk,S&L-FBA-ARS_198_Cuticle_Scissors,X0015234J9,B013W28VJ4,"Nail Scissors Manicure Pedicure Stainless Steel Cuticle Scissor for Ingrowing toenail fingernail Trimmer Multi-Purpose Grooming Beauty Tools for Eyebrow, Eyelash, Dry Skin for Mens and Women",New,2.6,No,,Yes,12,11,0,1,12,62.27,0,0,0,0,0,0,11,0
arsuk,uk,S&L-FBA-BxPP_TMI-1167_cuticlescissors,X0011CCV3D,B01MXO0SDD,ARSUK Professional Nail Scissors Straight for Men Women to Cut Toe & Fingernail by Flat Fine Pointed Edge Straight Blade,New,2.95,No,,Yes,10,9,0,1,10,54.08,0,0,0,0,0,0,9,0
arsuk,uk,S&L-FBA-Bxpp_Code_Tmi-1153_STRAIGHT,X0011AZ4EN,B00YAE6I3U,Arsuk Nail Scissors for Men Women Thick Nails Cutting Straight Toenail and Fingernail by Flat 3.5 Inch Blade,New,4.99,No,,Yes,0,0,0,0,0,62.93,0,0,0,0,0,0,0,0
arsuk,uk,S&L-FBA-Color-Marble_40pcs_4xpp,X0015VXZJJ,B07JC66ZCT,"ARSUK Cat's Eye Marbles, Glass Marbles, Comes in a bag, Protection against damage, Sports Toys & Outdoor Games (40 Pcs Colour Marble)",New,5.99,No,,Yes,245,243,0,0,245,329.54,0,0,0,2,0,0,243,0
arsuk,uk,S&L-FBA-TMI_610_Polish/Gold_9xPP,X00152A45V,B07J43DJ33,"Barber Hairdressing Scissors, Hair Styling-Grooming Scissors Shears, Japanese J2 Steel Razor Edge with Removable Finger Rest, Size: 6.5"" (Polish/Gold)",New,5.19,No,,Yes,0,0,0,0,0,411.81,0,0,0,0,0,0,0,0
arsuk,uk,S&L-FBA-kids_gloves_size:6_ASTON HEROES,X001D40E15,B07K4SDZ9S,Goalie Goalkeeper Gloves kids Strong Grip for Soccer Football Gloves for Boys & Girls Junior Toughest Saves With Finger Support Strong Grip / Spines Fingersave Goal Keeper Match Training Glove,New,4.34,No,,Yes,10,10,0,0,10,254.82,0,0,0,0,0,0,10,0
arsuk,uk,S&L-FBA_Baby_Scissors-639,X0011CELGN,B002L1ZT66,"Nail Scissors Manicure Pedicure Stainless Steel Cuticle Scissor for Ingrowing fingernail toenail Trimmer Multi-purpose grooming beauty tools for Eyebrow, Eyelash, Dry Skin for mens and women (Baby Nail /Nose & Ear Scissor)",New,5.99,No,,Yes,1,0,0,0,1,65.55,0,0,0,1,0,0,0,0
arsuk,uk,S&L-FBA_CXA0_Toe-Nail-Scissors-ARS037,X0011CD16T,B0140SC1ZO,Arsuk Nail Scissors for Toe Nails Work On Men Women Seniors Any Strong Thick Nails Pedicure with Long Handled & Curved,New,2.99,No,,Yes,9,9,0,0,9,87.02,0,0,0,0,0,0,9,0
arsuk,uk,S&L-FBA_TMI-1302-6_Black_Tweezers,X001H1HG6F,B07SFFV33N,"ARSUK Eyebrow Tweezers Professional Stainless Steel Precision Hair Slant Fine Tip pointy small light Tweezer for Eyebrows Ingrown Hair Plucking, and Facial Hair Remover Tool for Women and Mens",New,2.99,No,,Yes,0,0,0,0,0,172.06,0,0,0,0,0,0,0,0
arsuk,uk,"S&L-FBA_TMI_1045_Scissors_6.5""",X001BNWLHN,B004ZDJCDE,"Professional Hairdressing Scissors 6.5"" Salon Styling Grooming Shears - 100% Quality Guaranteed (Hairdressing Scissors Style 8)",New,5.99,No,,Yes,29,29,0,0,29,153.87,0,0,0,0,0,0,29,0
arsuk,uk,S&L_195_Nail_Curved_Scissor,X0011DXUAF,B01DVD8PPE,"Fine point Nail Scissors Manicure Pedicure Stainless Steel Cuticle Scissor for Ingrowing toenail fingernail Trimmer Multi-purpose grooming beauty tools for Eyebrow, Eyelash Dry Skin for mens and women",New,4.59,No,,Yes,3,3,0,0,23,41.95,0,0,20,0,0,20,3,0
arsuk,uk,S&L_5xpp_code:31665_Snuffer,X001L5B4XX,B00ZU459BQ,"ARSUK Candle Snuffer Fire Extinguisher Candle Cover Tool For Safe Extinguishing, Made of Stainless Steel 30x5 cm (Brass Elegant)",New,6.99,No,,Yes,71,70,0,0,71,844.75,0,0,0,1,0,0,70,0
arsuk,uk,S&L_Baby_Container-78805_8pcsX250ml,X001KU3FEP,B07DNBF2X4,ARSUK Baby Food Storage Freezer Containers Weaning Snack Pots - Toddler Feeding Bowls BPA Free (Pack of 8-250ml),New,8.99,No,,Yes,1,0,1,0,1,1693.44,0,0,0,0,0,0,0,0
arsuk,uk,S&L_Barcelona_Gloves,X001L5DLTD,B083M8V3ND,Goalie Goalkeeper Gloves kids Strong Grip for Soccer Football Gloves for Boys & Girls Junior Toughest Saves With Finger Support Strong Grip / Spines Fingersave Goal Keeper Match Training Glove,New,6.99,No,,Yes,0,0,0,0,0,663.18,0,0,0,0,0,0,0,0
arsuk,uk,S&L_Bayern_Munchen_Gloves,X001L5B9DD,B083M8KHP3,Goalie Goalkeeper Gloves kids Strong Grip for Soccer Football Gloves for Boys & Girls Junior Toughest Saves With Finger Support Strong Grip / Spines Fingersave Goal Keeper Match Training Glove,New,6.99,No,,Yes,0,0,0,0,0,12276.04,0,0,0,0,0,0,0,0
arsuk,uk,S&L_Beard_Mustache_Scissors_1167,X001L84BZX,B0B4SGLTLQ,ARSUK Hair Trimming Scissors,New,2.99,No,,Yes,0,0,0,0,0,75.05,0,0,0,0,0,0,0,0
arsuk,uk,S&L_Code:3501-30-Steel_TH_Wall,X0015FYMZL,B07HLN8FBQ,"ARSUK Paper Towel Holder, Kitchen Roll Holder Under Cabinet Wall Mounted, Stainless Steel 29 x 0.75 x 13 cm (Chrome)",New,11.59,No,,Yes,48,45,3,0,48,611.4,0,0,0,0,0,0,0,45
arsuk,uk,S&L_FBA_1197_Stork_Black&White,X0011FDKNF,B01EVUD36W,"Embroidery Scissors Sewing Sharp Shears fabric crafting scissor for Threading Art Home crafts, Office Work, Stainless steel Vintage stork style safety Needlework Cross-Stitch Tailor Scissors.",New,2.99,No,,Yes,31,31,0,0,31,60.8,0,0,0,0,0,0,31,0
arsuk,uk,S&L_FBA_Bx49_1187_Stork_Gold,X0011AWL1R,B01EU50MSA,"Embroidery Scissors Sewing Sharp Shears fabric crafting scissor for Threading Art Home crafts, Office Work, Stainless steel Vintage stork style safety Needlework Cross-Stitch Tailor Scissors.",New,2.99,No,,Yes,33,33,0,0,33,62.93,0,0,0,0,0,0,33,0
arsuk,uk,S&L_FBA_TMI-1167_Beard&Mustache_Scissors,X0012BV8OB,B01D61W20U,ARSUK Scissors for Moustache Beard Nose Ear Hair Eyebrow - Men's Hair Grooming Trimming Shaping Cutting - Made from Professional Stainless Steel (Moustache & Beard Scissors),New,4.99,No,,Yes,1,1,0,0,31,67.51,0,0,30,0,0,30,1,0
arsuk,uk,S&L_FBA_TMI-1205-Fancy_scissor_pink,X001FX88ML,B013VZIX4U,"Embroidery Scissors Sewing Sharp Shears fabric crafting scissor for Threading Art Home crafts, Office Work, Stainless steel Vintage stork style safety Needlework Cross-Stitch Tailor Scissors.",New,3.49,No,,Yes,0,0,0,0,0,34.25,0,0,0,0,0,0,0,0
arsuk,uk,S&L_FBA_TMI-1207_Pink Scissor,X0011AWGKX,B01DBZZIDE,"Embroidery Scissors Sewing Sharp Shears fabric crafting scissor for Threading Art Home crafts, Office Work, Stainless steel Vintage stork style safety Needlework Cross-Stitch Tailor Scissors.",New,3.99,No,,Yes,26,24,0,2,26,35.56,0,0,0,0,0,0,24,0
arsuk,uk,S&L_FBA_TMI-1302-5_Red_Tweezers,X00129U2Q3,B07SFHBTRG,"ARSUK Eyebrow Tweezers Professional Stainless Steel Precision Hair Slant Fine Tip pointy small light Tweezer for Eyebrows Eye Lash Ingrown Hair Plucking, and Facial Hair Remover Tool for Women",New,2.99,No,,Yes,23,23,0,0,23,37.2,0,0,0,0,0,0,23,0
arsuk,uk,S&L_FBA_TMI-639_Nose_Scissors,X0012AFHAX,B07VC8H54N,ARSUK Nose Scissors Moustache Beard Ear Hair Eyebrow Trimming Facial Men's Grooming Scissors Stainless Steel,New,4.99,No,,Yes,0,0,0,0,0,1.8,0,0,0,0,0,0,0,0
arsuk,uk,S&L_Inter_Milan_Gloves,X001L5DONB,B083M7G9DT,Goalie Goalkeeper Gloves kids Strong Grip for Soccer Football Gloves for Boys & Girls Junior Toughest Saves With Finger Support Strong Grip / Spines Fingersave Goal Keeper Match Training Glove,New,7.99,No,,Yes,0,0,0,0,0,727.09,0,0,0,0,0,0,0,0
arsuk,uk,S&L_Real_Madrid_Gloves,X001L6QFRH,B083M8NTJM,Goalie Goalkeeper Gloves kids Strong Grip for Soccer Football Gloves for Boys & Girls Junior Toughest Saves With Finger Support Strong Grip / Spines Fingersave Goal Keeper Match Training Glove,New,6.99,No,,Yes,0,0,0,0,0,439.99,0,0,0,0,0,0,0,0
arsuk,uk,S&L_TMI-1302-2_Green_Tweezers,X001A31L4X,B07SFG7Y3W,"ARSUK Eyebrow Tweezers Professional Stainless Steel Precision Hair Slant Fine Tip pointy small light Tweezer for Eyebrows Ingrown Hair Plucking, and Facial Hair Remover Tool for Women and Mens",New,2.99,No,,Yes,39,39,0,0,39,37.2,0,0,0,0,0,0,39,0
arsuk,uk,S&L_TMI-1302-3_Orange_Tweezers,X0014D9D3Z,B004VEWGOY,"ARSUK Eyebrow Tweezers Professional Stainless Steel Precision Hair Slant Fine Tip pointy small light Tweezer for Eyebrows Ingrown Hair Plucking, and Facial Hair Remover Tool for Women and Men",New,2.99,No,,Yes,41,41,0,0,41,145.19,0,0,0,0,0,0,41,0
arsuk,uk,S&L_TMI-1302-7_Black_Pointed_Tweezers.,X0012J60DR,B01DUT9CSI,ARSUK Tweezers for eyebrows Ingrown Hair Plucking Slant Tip Stainless Steel Precision Hair Removal Tool (Black Pointed),New,2.98,No,,Yes,12,12,0,0,12,46.38,0,0,0,0,0,0,12,0
arsuk,uk,S&L_Toe_Nail_Scissors_2_037,X001LA5PZB,B0B5257LF2,ARSUK Toenail Scissors for Ingrown Toenails,New,2.99,No,,Yes,0,0,0,0,0,75.05,0,0,0,0,0,0,0,0
arsuk,uk,S&L_UK_TMI-1174_Curved_Arrow_pointed,X001ANAD0B,B0140TLS52,Arsuk Nail Cuticle Scissors Use As Men Women Professional Beauty Manicure & Pedicure Scissor for Toe & Fingernail with 3.5 Inch Fine Tip & Arrow Curved,New,2.59,No,,Yes,34,30,0,4,34,70.46,0,0,0,0,0,0,30,0
arsuk,uk,"SFP_Code:80045_4""_Bell",X00196GRLN,B008Y1NLIU,"ARSUK Traditional style School/Reception/Dinner hand bell with wooden handle (4"" Solid Brass)",New,19.99,Yes,120,No,0,0,0,0,0,7113.79,0,0,0,0,0,0,0,0
arsuk,uk,SFP_Toe_Nail_Scissors_2_037,X001L9JD19,B0B5257LF2,ARSUK Toenail Scissors for Ingrown Toenails,New,2.99,No,,Yes,0,0,0,0,0,75.05,0,0,0,0,0,0,0,0
arsuk,uk,SF_Split_Lemon_Bucket:R-3S,X001KWYUVZ,B09WJ7ZMSW,ARSUK Mop and Buckets Sets - 2 Separate Stackable Buckets with 2 Microfiber Mop Heads and 360° Spinnable Adjustable Height Telescopic Handle,New,48.99,Yes,0,No,0,0,0,0,0,29481.15,0,0,0,0,0,0,0,0
arsuk,uk,SF_TL-Th_holder_Code_Tol-07-Chrome,X001L4EE0T,B07HLT7YMJ,"ARSUK Toilet Roll Holder Self Adhesive, Wall Mounted Stainless Steel 16.5x7x5cm (L-Shaped Shiny Silver)",New,15.49,Yes,0,No,0,0,0,0,0,907.84,0,0,0,0,0,0,0,0
arsuk,uk,SM&L-FBA-BxPP_1169_Nail_scissor_7cm,X00123R8F7,B01DX40WV6,ARSUK Nail Scissors Curved 3.5 inch Trimmer for Fingernails Men and Women Pedicure Beauty Tools Stainless Steel,New,2.77,No,,Yes,17,16,0,1,17,41.95,0,0,0,0,0,0,16,0
arsuk,uk,SML-07x4p_3501-30-Black_Matt_TH_Wall,X0011TD4TL,B07HLQ9MX1,"ARSUK Paper Towel Holder, Kitchen Roll Holder Under Cabinet Wall Mounted, Stainless Steel 29 x 0.75 x 13 cm (Black)",New,7.29,No,,Yes,45,45,0,0,45,576.01,0,0,0,0,0,0,45,0
arsuk,uk,SML-07x4p_Code:3501-30-Chrome_th_Wall,X0011YPAYN,B004GWUOAY,"ARSUK Paper Towel Holder, kitchen tissue holder, Roll Dispenser Rack Wall Mounted fits in a Cupboard or Under Cabinet Metal (Chrome)",New,7.64,No,,Yes,29,28,0,1,109,576.66,80,0,0,0,0,0,28,0
arsuk,uk,SML-5Xpp_kids_gloves_size:6 WEST BROM,X0015CWD7N,B07KT2ZZSG,ARSUK Goalie Goalkeeper Gloves kids Strong Grip for Soccer Football Gloves for Boys & Girls Junior Toughest Saves With Finger Support Strong Grip/Spines Fingersave Goal Keeper Match Training Glove,New,4.35,No,,Yes,19,19,0,0,19,395.91,0,0,0,0,0,0,19,0
arsuk,uk,SML-5Xpp_kids_gloves_size:6_SUNDERLAND,X0015D2P5H,B07K4K2V2K,"ARSUK Goalkeeper Gloves, Junior Goalkeeper Gloves Stronge Grip for the Toughest Saves and Finger Protection (SUNDERLAND-Size:06)",New,4.34,No,,Yes,23,23,0,0,23,615.66,0,0,0,0,0,0,23,0
arsuk,uk,SML-5Xpp_kids_gloves_size:6_TOTTENHAM,X0015D0OY1,B07K4DPZDT,ARSUK Goalie Goalkeeper Gloves kids Strong Grip for Soccer Football Gloves for Boys & Girls Junior Toughest Saves With Finger Support Strong Grip/Spines Fingersave Goal Keeper Match Training Glove,New,5.99,No,,Yes,15,15,0,0,15,928,0,0,0,0,0,0,15,0
arsuk,uk,SML-5Xpp_kids_gloves_size:6_WESTHAM,X0015D2PJN,B07K4XMVWS,ARSUK Goalie Goalkeeper Gloves kids Strong Grip for Soccer Football Gloves for Boys & Girls Junior Toughest Saves With Finger Support Strong Grip/Spines Fingersave Goal Keeper Match Training Glove,New,5.99,No,,Yes,22,22,0,0,22,787.89,0,0,0,0,0,0,22,0
arsuk,uk,SML_5Xpp_gloves_size:6_MAN_UNIT,X00139K2ML,B07K4DZH7Y,Goalie Goalkeeper Gloves kids Strong Grip for Soccer Football Gloves for Boys & Girls Junior Toughest Saves With Finger Support Strong Grip / Spines Fingersave Goal Keeper Match Training Glove,New,5.99,No,,Yes,13,13,0,0,13,594.19,0,0,0,0,0,0,13,0
arsuk,uk,SML_5xpp_Kids_Gloves_ENGLAND_size_06,X0011N33GV,B07J4VK5XX,"ARSUK Goalkeeper Gloves, Junior Goalkeeper Gloves Stronge Grip for the Toughest Saves and Finger Protection",New,4.34,No,,Yes,0,0,0,0,40,472.93,0,20,20,0,0,40,0,0
arsuk,uk,SML_neck&Desk_MAGNIFIER-MG11B-1,X00142HONH,B016WCRUJS,"ARSUK Magnifying Glass with Light, Large Magnifying Glass with LED Lights, Magnifier for Reading Books, Hobbies, Sewing, Crafts, Handcraft, Seniors Read, Macular Degeneration, Jewellery, Map, Stamps",New,8.99,No,,Yes,105,99,2,2,165,1178.23,0,0,60,2,0,0,99,0
arsuk,uk,SM_L_7xpp_SpeedLoader-500_TRANSP,X0011IOB7B,B07K27P3VC,ARSUK Airsoft Plastic 500 Count Round Speed Loader Transparent For 6mm BB Pellets,New,10.99,No,,Yes,0,0,0,0,0,727.09,0,0,0,0,0,0,0,0
arsuk,uk,Seller-8xpp_code:ARS-HM,X001LYD743,B07HPB86F1,"ARSUK 10pcs Large Handmade Flowerish Style Glow in the Dark Doted Style Glass Marbles, Sports Toys & Outdoor (10pcs Handmade Marbles)",New,12.79,Yes,30,No,0,0,0,0,0,250.89,0,0,0,0,0,0,0,0
arsuk,uk,Sfp_Baby_Scissors-639,X001LUEUZH,B002L1ZT66,"Nail Scissors Manicure Pedicure Stainless Steel Cuticle Scissor for Ingrowing fingernail toenail Trimmer Multi-purpose grooming beauty tools for Eyebrow, Eyelash, Dry Skin for mens and women (Baby Nail /Nose & Ear Scissor)",New,4.78,Yes,0,No,0,0,0,0,0,65.55,0,0,0,0,0,0,0,0
arsuk,uk,Sfp_Barber_Scissors_1045,X001M8H59V,B07J44K8C4,"ARSUK Barber Scissors 6.5""-16.51cm(Approx), Hairdressing Scissors Sharp Razor Edge Grooming Shears Highly Tempted Stainless Steel",New,5,Yes,0,No,0,0,0,0,0,531.92,0,0,0,0,0,0,0,0
arsuk,uk,Sfp_Beard&Mustache_Scissors_1167,X001LWFVAX,B01D61W20U,ARSUK Scissors for Moustache Beard Nose Ear Hair Eyebrow - Men's Hair Grooming Trimming Shaping Cutting - Made from Professional Stainless Steel (Moustache & Beard Scissors),New,2.99,Yes,0,No,0,0,0,0,0,67.51,0,0,0,0,0,0,0,0
arsuk,uk,Sfp_Curved_Pointed_Nail_Scissors_1160,X001LWGC0B,B01DQCTU9U,"Curved Pointed Nail Scissors Manicure Pedicure Stainless Steel Cuticle Scissor for Ingrowing toenail fingernail Trimmer Multi-Purpose Grooming Beauty Tools for Eyebrow, Eyelash, Dry Skin for Unisex",New,4.52,Yes,0,No,0,0,0,0,0,66.86,0,0,0,0,0,0,0,0
arsuk,uk,Sfp_Curved_Pointed_Nail_Scissors_1169,X001LWG9XB,B01DX40WV6,ARSUK Nail Scissors Curved 3.5 inch Trimmer for Fingernails Men and Women Pedicure Beauty Tools Stainless Steel,New,4.67,Yes,0,No,0,0,0,0,0,41.95,0,0,0,0,0,0,0,0
arsuk,uk,Sfp_Cuticle_Scissors_1167,X001LWFT1T,B01MXO0SDD,ARSUK Professional Nail Scissors Straight for Men Women to Cut Toe & Fingernail by Flat Fine Pointed Edge Straight Blade,New,4.59,Yes,0,No,0,0,0,0,0,54.08,0,0,0,0,0,0,0,0
arsuk,uk,Sfp_Cuticle_Scissors_Curved_Arrow_198,X001LWGTA9,B013W28VJ4,"Nail Scissors Manicure Pedicure Stainless Steel Cuticle Scissor for Ingrowing toenail fingernail Trimmer Multi-Purpose Grooming Beauty Tools for Eyebrow, Eyelash, Dry Skin for Mens and Women",New,4.52,Yes,0,No,0,0,0,0,0,62.27,0,0,0,0,0,0,0,0
arsuk,uk,Sfp_Hairdressing_Scissors_1001,X001M8IAHR,B01D426ZNG,ARSUK Professional Hairdressing 5'' Barber Salon Scissors Original J2 Steel (Premium Grade Japanese Steel) With Removable Finger Rest -Professional Styling Scissors,New,5,Yes,0,No,0,0,0,0,0,-16.39,0,0,0,0,0,0,0,0
arsuk,uk,Sfp_Hairdressing_Scissors_1009,X001M8HQ63,B01D42N08Y,ARSUK Professional Hairdressing 6'' Barber Salon Scissors Original J2 Steel (Premium Grade Japanese Steel) With Removable Finger Rest -Professional Styling Scissors,New,5,Yes,0,No,0,0,0,0,0,,0,0,0,0,0,0,0,0
arsuk,uk,Sfp_Nail_Scissor_Fine_Point_195,X001LWG9QX,B01DVD8PPE,"Fine point Nail Scissors Manicure Pedicure Stainless Steel Cuticle Scissor for Ingrowing toenail fingernail Trimmer Multi-purpose grooming beauty tools for Eyebrow, Eyelash Dry Skin for mens and women",New,4.59,Yes,0,No,0,0,0,0,0,41.95,0,0,0,0,0,0,0,0
arsuk,uk,Sfp_Straight_Pointed_Nail_Scissors_1174,X001LWEIFH,B0140TLS52,Arsuk Nail Cuticle Scissors Use As Men Women Professional Beauty Manicure & Pedicure Scissor for Toe & Fingernail with 3.5 Inch Fine Tip & Arrow Curved,New,4.99,Yes,0,No,0,0,0,0,0,70.46,0,0,0,0,0,0,0,0
arsuk,uk,Sfp_Straight_Toe_Nail_Scissors_1153,X001LWFTBJ,B00YAE6I3U,Arsuk Nail Scissors for Men Women Thick Nails Cutting Straight Toenail and Fingernail by Flat 3.5 Inch Blade,New,4.49,Yes,0,No,0,0,0,0,0,62.93,0,0,0,0,0,0,0,0
arsuk,uk,Sfp_Toenail_Scissors_037,X001LWFSF1,B0140SC1ZO,Arsuk Nail Scissors for Toe Nails Work On Men Women Seniors Any Strong Thick Nails Pedicure with Long Handled & Curved,New,4.91,Yes,0,No,0,0,0,0,0,87.02,0,0,0,0,0,0,0,0
arsuk,uk,Straight_Pointed_Nail_Scissors_1174,X001LSVF2Z,B098TBPCY3,Nail Arrow Scissor Cuticle Remover Nail Scissors for Finger Nails & Toenail Scissor - Beauty Care Stainless Steel Eyebrow Scissors Premium Manicure Tools Small Scissors,New,2.99,Yes,0,No,0,0,0,0,0,24.58,0,0,0,0,0,0,0,0
arsuk,uk,Straight_Toe_Nail_Scissors_1153,X001LSFQNT,B099F4QXWL,"Cuticle Nail Scissors for Finger Nails & Toenail Scissor - Beauty Care Stainless Steel Eyebrow Scissors Premium Manicure Tools Small Scissors for Nose Hair, Mustache, & Beard.",New,2.99,Yes,0,No,0,0,0,0,0,41.3,0,0,0,0,0,0,0,0
arsuk,uk,UK-FBA-Baby-Scissors-639,X001GJT2LP,B002L1ZT66,"Nail Scissors Manicure Pedicure Stainless Steel Cuticle Scissor for Ingrowing fingernail toenail Trimmer Multi-purpose grooming beauty tools for Eyebrow, Eyelash, Dry Skin for mens and women (Baby Nail /Nose & Ear Scissor)",New,4.99,No,,Yes,0,0,0,0,0,65.55,0,0,0,0,0,0,0,0
arsuk,uk,"UK-FBA-TMI-1045-Barber-Scissor-6.5""",X001GNQ3CH,B01DJGKBK0,"Professional Hairdressing Scissors 6.5"" Salon Styling Grooming Shears - 100% Quality Guaranteed (Hairdressing Scissors Style 1)",New,6.99,No,,Yes,86,86,0,0,86,214.18,0,0,0,0,0,0,86,0
arsuk,uk,UK-S&L-FBA-Makeup-Sponge-3pc,X001GDQ88V,B00Y9STM26,"Beauty Make up Sponge Blenders, Makeup Blending Sponge Set 3-6 Pcs Pack Multi-Colored Facial Sponges For Blending Foundation Cream & Powder Face Sponge Concealer Applicator (3Pcs Makeup sponge)",New,3.49,No,,Yes,158,137,0,3,158,400.01,0,0,0,18,0,0,137,0
arsuk,uk,UK-S&L-FBA-TMI 1190-Fancy-Gold-Scissor,X001GJ3LSF,B01DM6TQXU,"Embroidery Scissors Sewing Sharp Shears fabric crafting scissor for Threading Art Home crafts, Office Work, Stainless steel Vintage stork style safety Needlework Cross-Stitch Tailor Scissors.",New,2.99,No,,Yes,0,0,0,0,0,32.61,0,0,0,0,0,0,0,0
arsuk,uk,UK-S&L-FBA-TMI-1160-Nail Scissors,X001CHD2ZX,B01DQCTU9U,"Curved Pointed Nail Scissors Manicure Pedicure Stainless Steel Cuticle Scissor for Ingrowing toenail fingernail Trimmer Multi-Purpose Grooming Beauty Tools for Eyebrow, Eyelash, Dry Skin for Unisex",New,2.6,No,,Yes,19,19,0,0,19,66.86,0,0,0,0,0,0,19,0
arsuk,uk,UK_FBA_S&L_10pc_Doted_Marbles,X001GHNKC9,B07TXGV7MM,"ARSUK 10pcs Large Handmade Flowerish Style Glow in the Dark Doted Style Glass Marbles, Sports Toys & Outdoor (10 Pcs Doted Marbles)",New,14.99,No,,Yes,50,50,0,0,50,279.89,0,0,0,0,0,0,50,0
arsuk,uk,UK_S&L_FBA_Toe_Nail_Scissor_ARS037,X001F96IYP,B007MZWYIW,"ARSUK Toenail Scissors for Strong Thick Nails Use As Men Women Pedicure Manicure 3.5"" Long Handle & Curved",New,4.91,No,,Yes,3,3,0,0,3,106.52,0,0,0,0,0,0,3,0
arsuk,uk,Uk_S&L_40pcs_Color_Marble,X001A85M7P,B003XIYMDM,"ARSUK Cat's Eye Marbles, Coloured Glass Marbles Comes in a Bag for Toys Kids Party Gift Playing Ring Hole Off the Wall Games (40 PCs Colour Marbles) (40 color)",New,5.09,Yes,0,No,0,0,0,0,0,282.19,0,0,0,0,0,0,0,0
arsuk,uk,"amzn.gr.""SFP-GD10_ToolRack""-8ht98CT8j-LN",X001LU9TQH,B07R7LSR9S,"ARSUK Garden Tool Storage Rack, Wall Mounted Double Hook Organizer for Shed 44 x 13.7 x 8 cm, 1070gm (Black)",UsedLikeNew,14.39,No,,Yes,0,0,0,0,0,4822.39,0,0,0,0,0,0,0,0
arsuk,uk,amzn.gr.FBA_PAN-EU_Floor_Magni-ev2v12-LN,X001HKLW5H,B00XVX0FI0,"ARSUK Floor Magnifier Led Lamp, 5x Magnifying Adjustable Gooseneck Arm Ideal For Small Prints, Sewing, Crafts, Arts, Knitting, Studying, Reading, Writing, Working, Embroidery, Jewelry Repair",UsedLikeNew,45.99,No,,Yes,0,0,0,0,0,19576.15,0,0,0,0,0,0,0,0
arsuk,uk,amzn.gr.FBA_PAN-EU_Floor_Magni-ev2v12-VG,X001IFV2DN,B00XVX0FI0,"ARSUK Floor Magnifier Led Lamp, 5x Magnifying Adjustable Gooseneck Arm Ideal For Small Prints, Sewing, Crafts, Arts, Knitting, Studying, Reading, Writing, Working, Embroidery, Jewelry Repair",UsedVeryGood,61.99,No,,Yes,0,0,0,0,0,19576.15,0,0,0,0,0,0,0,0
arsuk,uk,apple_peeler_red_70099,X001F1Z6WD,B005UTKYQG,Dexam peel Rotary Apple Peeler,New,14.69,Yes,123,No,0,0,0,0,0,4309.8,0,0,0,0,0,0,0,0
